# Blender 5.0.0
# www.blender.org
mtllib GrassTile.mtl
o ground.110
v -0.500000 0.500001 0.000000
v 0.500000 0.500001 0.000000
v 0.500000 -0.499999 0.000000
vn -0.0000 -0.0000 1.0000
vt 0.500000 0.500000
vt 1.500000 -0.500000
vt 0.500000 -0.500000
s 1
usemtl ground
f 1/1/1 3/2/1 2/3/1
o ground.111
v -0.500000 0.500001 0.000000
v 0.500000 -0.499999 0.000000
v -0.500000 -0.499999 0.000000
vn -0.0000 -0.0000 1.0000
vt 0.500000 0.500000
vt 1.500000 0.500000
vt 1.500000 -0.500000
s 1
usemtl ground
f 4/4/2 6/5/2 5/6/2
o grasspatch1_grass1_0
v 0.196118 0.443860 0.204891
v 0.176378 0.381124 0.152590
v 0.104340 0.501406 0.246666
v 0.276827 0.391393 0.136051
v 0.141618 0.330224 0.050543
v 0.125542 0.334200 -0.001247
v 0.068611 0.347939 0.053189
v 0.225519 0.369649 0.043273
v 0.008334 0.376346 0.038704
v -0.004765 0.395540 0.018360
v 0.204749 0.356896 0.006219
v -0.124272 0.495174 0.186655
v 0.421392 0.515967 0.202769
v 0.331957 0.442787 0.170415
v 0.303115 0.520795 0.244503
v -0.109347 0.603533 0.249184
v -0.111547 0.158917 0.192295
v -0.158941 0.119927 0.143208
v -0.144095 0.260269 0.231502
v -0.083926 0.068280 0.127686
v -0.210361 0.099482 0.047432
v -0.219345 0.112296 -0.001174
v -0.251343 0.157396 0.049916
v -0.131115 0.081309 0.040609
v -0.277767 0.216364 0.036321
v -0.276507 0.239717 0.017228
v -0.152343 0.083386 0.005832
v -0.305605 0.391681 0.175179
v 0.083078 0.082807 0.190304
v -0.018148 0.076966 0.159938
v 0.003848 0.157313 0.229473
v -0.237008 0.470466 0.233866
v -0.049082 0.241368 0.166158
v -0.154572 0.248065 0.101978
v -0.001719 0.378624 0.154856
v -0.268911 0.022774 0.097054
v -0.195857 0.043074 0.156436
v -0.198505 0.239358 0.053800
v -0.202745 0.202634 -0.006139
v -0.157939 0.398640 0.009131
v -0.268469 0.058631 0.022100
v -0.164881 0.389052 0.000066
v -0.071888 0.373668 0.091702
v -0.109004 0.152148 0.170056
v 0.002803 0.403958 0.147847
v -0.119801 0.347054 0.049065
v -0.157939 0.398640 0.009131
v -0.539060 -0.063773 0.277249
v -0.468439 0.070568 0.181512
v -0.596859 0.026486 0.307811
v -0.381596 -0.019121 0.122578
v -0.424250 0.085511 0.118795
v -0.414515 -0.044896 0.175726
v -0.367222 -0.010397 0.039044
v -0.393931 0.081271 0.033308
v -0.553201 0.223812 0.107093
v -0.488321 0.185859 0.019237
v -0.569591 0.223426 0.146629
v -0.578099 0.165560 0.197691
v -0.405090 0.085884 -0.004292
v -0.373546 -0.017665 -0.005994
v -0.473707 0.124403 -0.015512
v -0.242932 -0.153188 0.150938
v -0.310361 -0.087305 0.092634
v -0.140033 -0.072637 0.140671
v -0.503855 -0.198489 0.088161
v -0.444246 -0.224533 0.142106
v -0.344396 -0.068893 0.048867
v -0.366260 -0.095292 -0.005583
v -0.234662 0.032858 0.008288
v -0.484992 -0.170588 0.020070
v -0.244292 0.029320 0.000054
v -0.189758 -0.036202 0.083300
v -0.329399 -0.188804 0.154479
v -0.123877 -0.055343 0.134303
v -0.235739 -0.029563 0.044566
v -0.234662 0.032858 0.008288
v -0.550448 -0.083932 0.121046
v -0.473405 -0.063453 0.074283
v -0.555129 -0.187133 0.112811
v -0.439489 0.114603 0.070696
v -0.487525 0.083707 0.113963
v -0.443771 -0.047219 0.039180
v -0.448563 -0.021603 -0.004492
v -0.438883 -0.163574 0.006634
v -0.432159 0.090466 0.016083
v -0.435952 -0.155505 0.000029
v -0.505889 -0.167204 0.066797
v -0.526521 -0.009953 0.123886
v -0.552968 -0.205183 0.107704
v -0.477220 -0.138027 0.035731
v -0.438883 -0.163574 0.006634
v 0.311387 0.551295 0.173599
v 0.238975 0.491631 0.113645
v 0.319327 0.481261 0.192738
v 0.215271 0.569590 0.076738
v 0.211383 0.495333 0.074369
v 0.239579 0.575526 0.110021
v 0.205306 0.568500 0.024425
v 0.196168 0.506477 0.020833
v 0.245266 0.376531 0.067040
v 0.220109 0.417525 0.012021
v 0.254178 0.372097 0.091799
v 0.273587 0.404031 0.123776
v 0.200985 0.500563 -0.002714
v 0.210570 0.571016 -0.003780
v 0.228006 0.458170 -0.009740
v 0.039255 -0.030293 0.102708
v -0.023193 -0.014399 0.063025
v 0.081357 0.049569 0.095720
v -0.114196 -0.141412 0.059981
v -0.068449 -0.136951 0.096697
v -0.050353 -0.014911 0.033237
v -0.056572 -0.037217 -0.003822
v -0.010111 0.079370 0.005619
v -0.110336 -0.119221 0.013637
v -0.015226 0.074195 0.000014
v 0.038875 0.054304 0.056672
v -0.005544 -0.078963 0.105118
v 0.086603 0.064780 0.091386
v 0.007537 0.043129 0.030310
v -0.010111 0.079370 0.005619
v -0.249090 -0.052832 0.097352
v -0.220409 -0.108075 0.059738
v -0.324948 -0.083920 0.090729
v -0.084901 -0.075287 0.056852
v -0.115962 -0.046967 0.091655
v -0.203302 -0.126501 0.031502
v -0.185538 -0.113981 -0.003627
v -0.287008 -0.169754 0.005322
v -0.101135 -0.089356 0.012923
v -0.280618 -0.169393 0.000010
v -0.301645 -0.116916 0.053716
v -0.191028 -0.047145 0.099637
v -0.337682 -0.091761 0.086620
v -0.275302 -0.130191 0.028727
v -0.287008 -0.169754 0.005322
v -0.197276 0.118781 0.200446
v -0.189142 0.181713 0.149279
v -0.097078 0.082841 0.241315
v -0.285723 0.152138 0.133099
v -0.164177 0.236488 0.049445
v -0.147716 0.235934 -0.001221
v -0.089484 0.234297 0.052034
v -0.239338 0.182766 0.042333
v -0.025354 0.219524 0.037863
v -0.009092 0.204063 0.017961
v -0.221265 0.198880 0.006082
v 0.125791 0.134028 0.182605
v -0.405109 0.006287 0.198370
v -0.330557 0.092861 0.166717
v -0.288365 0.025193 0.239199
v 0.130524 0.029132 0.243779
v -0.015120 0.273102 0.230950
v 0.041492 0.172473 0.151197
v 0.075476 0.285388 0.256410
v -0.063217 0.137940 0.102102
v 0.029645 0.133698 0.098951
v -0.064406 0.171950 0.146377
v -0.064428 0.123975 0.032514
v 0.011603 0.112167 0.027736
v 0.188629 0.183183 0.089202
v 0.130271 0.147214 0.016013
v 0.196550 0.195759 0.122137
v 0.161223 0.222471 0.164674
v 0.020331 0.119023 -0.003587
v -0.066242 0.131319 -0.005005
v 0.080942 0.157630 -0.012934
v -0.204641 -0.201482 0.103626
v -0.199892 -0.270672 0.063589
v -0.287988 -0.199628 0.096576
v -0.060094 -0.297234 0.060518
v -0.077823 -0.254512 0.097561
v -0.191257 -0.297093 0.033535
v -0.169647 -0.292169 -0.003856
v -0.286801 -0.304195 0.005670
v -0.080892 -0.304418 0.013760
v -0.280682 -0.306660 0.000015
v -0.279380 -0.243691 0.057179
v -0.148082 -0.221411 0.106058
v -0.303027 -0.201998 0.092203
v -0.260051 -0.268941 0.030581
v -0.286801 -0.304195 0.005670
v -0.049979 0.538836 0.129750
v -0.049691 0.451376 0.079627
v -0.153196 0.548658 0.120923
v 0.121537 0.405400 0.075781
v 0.103009 0.460733 0.122157
v -0.041121 0.417365 0.042001
v -0.013921 0.421616 -0.004810
v -0.160190 0.417017 0.007115
v 0.095161 0.398232 0.017244
v -0.152800 0.413367 0.000037
v -0.146088 0.492457 0.071602
v 0.018553 0.508685 0.132794
v -0.172039 0.547028 0.115449
v -0.124161 0.458959 0.038303
v -0.160190 0.417017 0.007115
v 0.065779 0.273202 0.202047
v -0.035948 0.254131 0.132272
v 0.034376 0.193486 0.224321
v -0.015067 0.352037 0.089319
v -0.060018 0.275105 0.086562
v 0.011250 0.343384 0.128055
v -0.025109 0.357020 0.028437
v -0.068232 0.296397 0.024257
v -0.093959 0.127286 0.078033
v -0.094998 0.186600 0.014001
v -0.087985 0.117052 0.106848
v -0.051858 0.139195 0.144063
v -0.066957 0.287107 -0.003147
v -0.018727 0.356462 -0.004387
v -0.064931 0.225149 -0.011324
v -0.004524 -0.026932 0.135908
v -0.090644 0.004131 0.071276
v -0.057813 -0.060215 0.079504
v -0.046530 0.040213 0.138811
v -0.061989 0.156558 0.143583
v 0.019571 0.080392 0.177224
v -0.016230 0.149854 0.169619
v 0.031924 -0.006304 0.160425
v -0.112992 0.135777 0.073581
v -0.105763 0.014621 -0.004202
v -0.105952 0.075546 0.006448
v -0.064165 -0.048813 0.011309
v 0.011958 0.311738 0.156660
v 0.061350 0.252387 0.102554
v 0.072303 0.330659 0.173933
v -0.006202 0.217155 0.069246
v 0.057468 0.225487 0.067108
v -0.010681 0.239363 0.099284
v -0.005521 0.207833 0.022036
v 0.047510 0.209177 0.018794
v 0.160355 0.277042 0.060495
v 0.124509 0.246417 0.010842
v 0.164390 0.286255 0.082839
v 0.137461 0.299579 0.111697
v 0.052712 0.214727 -0.002456
v -0.007547 0.212442 -0.003418
v 0.089806 0.247356 -0.008797
v -0.003614 0.281556 0.174454
v -0.028444 0.154603 0.091501
v 0.043850 0.224247 0.102062
v -0.077942 0.198592 0.178181
v -0.214947 0.130978 0.184305
v -0.135492 0.270127 0.227483
v -0.213481 0.194468 0.217722
v -0.033520 0.321618 0.205921
v -0.182771 0.071647 0.094459
v -0.038831 0.130276 -0.005373
v -0.111707 0.105371 0.008296
v 0.031116 0.211196 0.014535
v 0.135483 -0.033546 -0.004527
v 0.085785 -0.077233 0.060734
v 0.221450 0.085601 0.011703
v 0.220479 0.086776 0.055004
v 0.191184 0.122222 0.100399
v 0.075069 -0.041719 0.110772
v -0.168658 -0.147822 0.129603
v 0.033803 0.034115 0.164045
v -0.058223 -0.036753 0.195294
v 0.135395 0.137662 0.179670
v -0.129670 -0.179377 0.075744
v -0.060175 -0.185370 0.005940
v 0.074313 -0.091142 -0.004527
v 0.134868 0.151625 -0.003757
v 0.150709 0.102538 0.050233
v 0.074786 0.244236 0.009670
v 0.073574 0.243635 0.045492
v 0.037017 0.225513 0.083048
v 0.120427 0.099893 0.091629
v 0.117009 -0.121732 0.107208
v 0.049504 0.078942 0.135702
v 0.071316 -0.010182 0.161553
v 0.006442 0.181802 0.148628
v 0.153948 -0.094854 0.062650
v 0.182106 -0.038066 0.004902
v 0.157234 0.090531 -0.003757
v -0.156234 -0.131686 0.131175
v -0.071821 -0.122250 0.080501
v -0.176691 -0.243243 0.122251
v -0.009247 0.065911 0.076614
v -0.064603 0.040295 0.123499
v -0.038096 -0.109524 0.042463
v -0.039304 -0.080840 -0.004862
v -0.050428 -0.236995 0.007194
v -0.005138 0.038414 0.017434
v -0.046121 -0.228701 0.000038
v -0.121712 -0.229766 0.072389
v -0.119852 -0.055150 0.134253
v -0.177123 -0.263252 0.116717
v -0.087060 -0.202790 0.038724
v -0.050428 -0.236995 0.007194
v 0.535733 0.240205 0.215145
v 0.464007 0.095063 0.112850
v 0.570406 0.152449 0.125874
v 0.422461 0.167375 0.219740
v 0.242804 0.136987 0.227292
v 0.381118 0.276273 0.280537
v 0.266157 0.213723 0.268500
v 0.515234 0.300310 0.253948
v 0.259315 0.052562 0.116499
v 0.443831 0.069384 -0.006610
v 0.352044 0.066684 0.010246
v 0.551397 0.141387 0.017940
v 0.251267 -0.361448 0.151898
v 0.238112 -0.261398 0.093223
v 0.374140 -0.355902 0.141565
v 0.029926 -0.236628 0.088722
v 0.059833 -0.296942 0.143010
v 0.223046 -0.223867 0.049178
v 0.191668 -0.233156 -0.005618
v 0.363079 -0.204103 0.008341
v 0.059907 -0.224135 0.020198
v 0.353850 -0.201127 0.000055
v 0.357542 -0.292737 0.083829
v 0.166221 -0.338086 0.155461
v 0.396070 -0.350972 0.135157
v 0.326837 -0.257965 0.044850
v 0.363079 -0.204103 0.008341
v 0.206625 -0.309733 0.220476
v 0.063675 -0.382733 0.115647
v 0.175752 -0.408709 0.128993
v 0.079877 -0.292059 0.225184
v -0.067264 -0.191651 0.232924
v 0.119386 -0.170421 0.287488
v -0.002057 -0.142819 0.275152
v 0.230084 -0.244227 0.260240
v -0.108957 -0.275032 0.119386
v 0.033054 -0.390388 -0.006772
v -0.034001 -0.328185 0.010502
v 0.155217 -0.404756 0.018386
v -0.333689 -0.492349 0.168019
v -0.354407 -0.383427 0.103120
v -0.197528 -0.477940 0.156591
v -0.587192 -0.370339 0.098141
v -0.550289 -0.434513 0.158189
v -0.373434 -0.343254 0.054403
v -0.407725 -0.355575 -0.006207
v -0.219077 -0.312080 0.009234
v -0.554648 -0.354596 0.022348
v -0.229511 -0.309439 0.000068
v -0.219820 -0.409737 0.092730
v -0.429592 -0.472467 0.171961
v -0.173467 -0.471044 0.149503
v -0.256053 -0.373651 0.049615
v -0.219077 -0.312080 0.009234
v 0.270619 0.550580 0.155245
v 0.193719 0.475371 0.095278
v 0.210725 0.659978 0.144685
v 0.266914 0.268462 0.090678
v 0.303381 0.333992 0.146162
v 0.169431 0.437851 0.050263
v 0.191243 0.414881 -0.005740
v 0.090046 0.554045 0.008527
v 0.243078 0.288126 0.020644
v 0.091736 0.543689 0.000057
v 0.165908 0.604877 0.085677
v 0.289557 0.457700 0.158887
v 0.196774 0.677017 0.138136
v 0.150944 0.554727 0.045839
v 0.090046 0.554045 0.008527
v -0.029194 0.198296 0.250969
v 0.042488 0.183641 0.186910
v -0.103825 0.069281 0.302135
v 0.038612 0.312077 0.166654
v 0.099131 0.147450 0.061921
v 0.093187 0.125915 -0.001511
v 0.072539 0.049712 0.065162
v 0.059862 0.249350 0.053017
v 0.034489 -0.033384 0.047421
v 0.011010 -0.053712 0.022504
v 0.073079 0.224645 0.007632
v -0.115021 -0.226014 0.228633
v -0.095211 0.477780 0.248371
v -0.016962 0.374590 0.208742
v -0.110409 0.323600 0.299487
v -0.240380 -0.225555 0.305220
v 0.457348 -0.273490 0.182560
v 0.365376 -0.289953 0.119512
v 0.428444 -0.345337 0.202687
v 0.384907 -0.201576 0.080701
v 0.343791 -0.270800 0.078209
v 0.408605 -0.209603 0.115702
v 0.375875 -0.196992 0.025689
v 0.336523 -0.251482 0.021912
v 0.312124 -0.404213 0.070503
v 0.311598 -0.350568 0.012645
v 0.317446 -0.413515 0.096539
v 0.350215 -0.393769 0.130166
v 0.337610 -0.259893 -0.002850
v 0.381634 -0.197546 -0.003971
v 0.339009 -0.315938 -0.010239
v -0.153138 0.083913 0.252689
v -0.085165 0.057295 0.188191
v -0.245309 -0.034231 0.304206
v -0.069906 0.187780 0.167796
v -0.035104 0.011380 0.062346
v -0.044115 -0.009413 -0.001521
v -0.075624 -0.083053 0.065609
v -0.058416 0.120865 0.053380
v -0.125187 -0.160797 0.047746
v -0.151177 -0.177482 0.022658
v -0.049147 0.093713 0.007685
v -0.300068 -0.330925 0.230200
v -0.176282 0.377336 0.250073
v -0.115017 0.260130 0.210173
v -0.214025 0.223965 0.301540
v -0.422674 -0.309821 0.307312
v 0.064061 -0.581673 0.135568
v 0.077250 -0.489870 0.083198
v 0.167355 -0.609637 0.126345
v -0.089530 -0.412340 0.079180
v -0.079245 -0.473560 0.127635
v 0.073791 -0.452723 0.043886
v 0.045516 -0.452529 -0.005022
v 0.194749 -0.472731 0.007437
v -0.061643 -0.409334 0.018020
v 0.187809 -0.467638 0.000041
v 0.168800 -0.549462 0.074814
v -0.000880 -0.538315 0.138748
v 0.186740 -0.611152 0.120626
v 0.151700 -0.510567 0.040023
v 0.194749 -0.472731 0.007437
v 0.392527 -0.136209 0.184890
v 0.344863 -0.170442 0.137693
v 0.368169 -0.035921 0.222589
v 0.412895 -0.225787 0.122769
v 0.294578 -0.186465 0.045604
v 0.286864 -0.173433 -0.001132
v 0.259353 -0.127535 0.047992
v 0.368826 -0.209774 0.039043
v 0.238054 -0.068642 0.034920
v 0.240780 -0.046170 0.016562
v 0.348755 -0.206227 0.005605
v 0.223015 0.102770 0.168434
v 0.572820 -0.223868 0.182976
v 0.476078 -0.222167 0.153779
v 0.502270 -0.146131 0.220638
v 0.293464 0.173916 0.224862
v 0.291895 -0.232678 0.149367
v 0.368866 -0.163955 0.091670
v 0.344117 -0.341411 0.139207
v 0.308415 0.039651 0.087243
v 0.270541 -0.021788 0.140627
v 0.393809 -0.128951 0.048358
v 0.374015 -0.105649 -0.005526
v 0.464351 -0.245245 0.008201
v 0.330296 0.019439 0.019860
v 0.463211 -0.235155 0.000053
v 0.389493 -0.290474 0.082432
v 0.278064 -0.141992 0.152872
v 0.356669 -0.358583 0.132905
v 0.406105 -0.242794 0.044102
v 0.464351 -0.245245 0.008201
v 0.013355 0.096244 0.105617
v 0.037846 0.032475 0.064811
v -0.070987 0.071633 0.098431
v 0.185996 0.051630 0.061681
v 0.155995 0.086325 0.099436
v 0.054057 0.010281 0.034180
v 0.074386 0.021760 -0.003929
v -0.039998 -0.026636 0.005780
v 0.167128 0.038275 0.014025
v -0.033142 -0.027026 0.000017
v -0.049775 0.032788 0.058278
v 0.075910 0.095331 0.108095
v -0.085435 0.064641 0.093974
v -0.023144 0.015081 0.031170
v -0.039998 -0.026636 0.005780
v 0.427152 -0.270044 0.123388
v 0.422355 -0.180914 0.064707
v 0.383781 -0.241215 0.072178
v 0.464822 -0.200502 0.126024
v 0.549199 -0.128969 0.130357
v 0.517769 -0.236817 0.160901
v 0.559290 -0.171414 0.153996
v 0.455172 -0.290833 0.145648
v 0.516210 -0.095825 0.066800
v 0.425388 -0.162741 -0.003822
v 0.472208 -0.132035 0.005848
v 0.390438 -0.230074 0.010262
v 0.282880 -0.060665 0.138704
v 0.295980 -0.018122 0.103292
v 0.345314 -0.099154 0.166988
v 0.227967 -0.025558 0.092094
v 0.319309 0.016484 0.034199
v 0.330218 0.013872 -0.000867
v 0.368851 0.004853 0.035990
v 0.262635 -0.010597 0.029276
v 0.409815 -0.014074 0.026183
v 0.418774 -0.026997 0.012409
v 0.276652 -0.001868 0.004188
v 0.500180 -0.093827 0.126356
v 0.130564 -0.110544 0.137267
v 0.190839 -0.060597 0.115361
v 0.210722 -0.113236 0.165524
v 0.490542 -0.167214 0.168694
v 0.042318 -0.296398 0.109298
v 0.054016 -0.367803 0.067071
v -0.046239 -0.303378 0.101862
v 0.204812 -0.380471 0.063832
v 0.181899 -0.337963 0.102902
v 0.065715 -0.394341 0.035373
v 0.088157 -0.386914 -0.004063
v -0.034913 -0.411933 0.005983
v 0.183449 -0.390161 0.014516
v -0.028187 -0.413840 0.000020
v -0.032869 -0.348255 0.060311
v 0.104211 -0.311067 0.111863
v -0.061958 -0.307449 0.097250
v -0.009943 -0.372433 0.032258
v -0.034913 -0.411933 0.005983
v 0.113818 -0.214453 -0.003779
v 0.161441 -0.189220 0.050528
v 0.022815 -0.294164 0.009727
v 0.023344 -0.295350 0.045760
v 0.039304 -0.331117 0.083536
v 0.162817 -0.220961 0.092168
v 0.374967 -0.186700 0.107838
v 0.180172 -0.292780 0.136499
v 0.266373 -0.254351 0.162502
v 0.080002 -0.356149 0.149501
v 0.350634 -0.152023 0.063019
v 0.297317 -0.131798 0.004932
v 0.173191 -0.180229 -0.003779
vn -0.1485 0.6468 -0.7481
vn 0.0855 0.7741 -0.6272
vn 0.1726 0.6830 -0.7097
vn -0.2477 0.8065 -0.5368
vn -0.1107 0.9834 -0.1435
vn 0.0865 0.9900 0.1117
vn 0.2967 0.9342 -0.1980
vn -0.3684 0.9296 -0.0103
vn 0.4182 0.8218 0.3870
vn 0.4345 0.7778 0.4541
vn -0.2547 0.9494 -0.1840
vn 0.1621 0.6364 -0.7541
vn -0.2381 0.6211 -0.7467
vn -0.2062 0.6404 -0.7398
vn -0.2137 0.6305 -0.7462
vn 0.1850 0.5713 -0.7996
vn 0.2969 0.5738 -0.7633
vn 0.5641 0.5303 -0.6329
vn 0.5884 0.4062 -0.6992
vn 0.3151 0.7728 -0.5508
vn 0.5417 0.8289 -0.1399
vn 0.7032 0.7023 0.1109
vn 0.8357 0.5118 -0.1990
vn 0.2896 0.9571 -0.0076
vn 0.8553 0.3553 0.3771
vn 0.8415 0.3140 0.4396
vn 0.4057 0.8931 -0.1943
vn 0.5291 0.3801 -0.7587
vn 0.1950 0.6108 -0.7674
vn 0.2371 0.6063 -0.7591
vn 0.2239 0.6025 -0.7661
vn 0.5181 0.3129 -0.7960
vn 0.4828 -0.2903 -0.8263
vn 0.5914 -0.3773 -0.7127
vn 0.5268 -0.2790 -0.8029
vn 0.8143 -0.3466 -0.4656
vn 0.6071 -0.3222 -0.7263
vn 0.8545 -0.3967 -0.3354
vn 0.9603 -0.2778 0.0275
vn 0.9352 -0.1968 -0.2945
vn 0.9302 -0.3583 -0.0792
vn 0.8575 -0.1579 -0.4897
vn 0.6728 -0.4898 -0.5544
vn 0.4979 -0.3339 -0.8004
vn 0.5914 -0.4100 -0.6944
vn 0.5945 -0.4629 -0.6575
vn 0.4179 -0.3424 -0.8415
vn 0.6215 0.2245 0.7506
vn 0.6322 0.3837 0.6731
vn 0.5843 0.3532 0.7307
vn 0.8586 0.3193 0.4010
vn 0.7549 0.4955 0.4296
vn 0.6807 0.2911 0.6722
vn 0.9583 0.2829 -0.0393
vn 0.8700 0.4886 0.0661
vn 0.6978 0.6665 0.2624
vn 0.7316 0.6773 -0.0776
vn 0.6380 0.5926 0.4918
vn 0.5340 0.5000 0.6818
vn 0.8241 0.4823 -0.2971
vn 0.9404 0.2894 -0.1787
vn 0.4143 0.5206 -0.7465
vn 0.2333 -0.4989 -0.8347
vn 0.2825 -0.6278 -0.7253
vn 0.2806 -0.5099 -0.8132
vn 0.4863 -0.7270 -0.4846
vn 0.3250 -0.5911 -0.7383
vn 0.4954 -0.7978 -0.3436
vn 0.6540 -0.7559 0.0297
vn 0.6780 -0.6726 -0.2966
vn 0.5856 -0.8067 -0.0798
vn 0.6357 -0.6002 -0.4854
vn 0.2792 -0.7724 -0.5705
vn 0.2238 -0.5391 -0.8120
vn 0.2593 -0.6582 -0.7068
vn 0.2268 -0.6980 -0.6792
vn 0.1468 -0.4989 -0.8541
vn -0.5397 0.1429 -0.8297
vn -0.6700 0.1997 -0.7150
vn -0.5783 0.1213 -0.8068
vn -0.8778 0.1036 -0.4676
vn -0.6669 0.1403 -0.7318
vn -0.9305 0.1405 -0.3384
vn -0.9996 -0.0065 0.0291
vn -0.9503 -0.0826 -0.3002
vn -0.9935 0.0811 -0.0802
vn -0.8598 -0.0979 -0.5012
vn -0.7802 0.2854 -0.5566
vn -0.5670 0.1839 -0.8029
vn -0.6771 0.2284 -0.6995
vn -0.7012 0.2834 -0.6543
vn -0.4957 0.2146 -0.8416
vn -0.6756 0.0562 0.7351
vn -0.7523 -0.0675 0.6553
vn -0.6967 -0.0694 0.7140
vn -0.9202 0.0764 0.3838
vn -0.9029 -0.1114 0.4151
vn -0.7561 0.0274 0.6539
vn -0.9889 0.1429 -0.0395
vn -0.9960 -0.0601 0.0655
vn -0.9276 -0.2754 0.2526
vn -0.9617 -0.2654 -0.0682
vn -0.8483 -0.2393 0.4724
vn -0.7172 -0.2060 0.6657
vn -0.9564 -0.0725 -0.2831
vn -0.9767 0.1303 -0.1706
vn -0.6200 -0.2733 -0.7354
vn 0.4321 -0.3607 -0.8266
vn 0.5268 -0.4612 -0.7140
vn 0.4780 -0.3551 -0.8034
vn 0.7508 -0.4660 -0.4680
vn 0.5512 -0.4102 -0.7266
vn 0.7839 -0.5223 -0.3358
vn 0.9065 -0.4213 0.0273
vn 0.8940 -0.3388 -0.2932
vn 0.8649 -0.4957 -0.0791
vn 0.8249 -0.2894 -0.4857
vn 0.5892 -0.5861 -0.5562
vn 0.4406 -0.4044 -0.8015
vn 0.5216 -0.4953 -0.6947
vn 0.5143 -0.5455 -0.6618
vn 0.3585 -0.4001 -0.8435
vn -0.0783 0.5326 -0.8428
vn -0.0913 0.6718 -0.7351
vn -0.1225 0.5548 -0.8229
vn -0.2642 0.8259 -0.4982
vn -0.1423 0.6452 -0.7507
vn -0.2535 0.9011 -0.3517
vn -0.4239 0.9051 0.0326
vn -0.4743 0.8265 -0.3033
vn -0.3430 0.9358 -0.0810
vn -0.4520 0.7432 -0.4933
vn -0.0406 0.8117 -0.5826
vn -0.0572 0.5676 -0.8213
vn -0.0584 0.6922 -0.7193
vn -0.0113 0.7242 -0.6895
vn 0.0072 0.5076 -0.8616
vn 0.2738 -0.6131 -0.7410
vn 0.0704 -0.7817 -0.6196
vn -0.0246 -0.7077 -0.7061
vn 0.3956 -0.7496 -0.5306
vn 0.2999 -0.9434 -0.1420
vn 0.1107 -0.9878 0.1096
vn -0.0949 -0.9761 -0.1956
vn 0.5314 -0.8470 -0.0110
vn -0.2340 -0.8927 0.3850
vn -0.2588 -0.8538 0.4518
vn 0.4282 -0.8855 -0.1802
vn -0.0293 -0.6623 -0.7486
vn 0.3517 -0.5734 -0.7400
vn 0.3255 -0.5975 -0.7329
vn 0.3301 -0.5870 -0.7392
vn -0.0613 -0.6014 -0.7966
vn -0.0593 -0.6479 0.7594
vn 0.0804 -0.7393 0.6685
vn 0.0895 -0.6830 0.7249
vn -0.0747 -0.9148 0.3970
vn 0.1259 -0.8967 0.4244
vn -0.0226 -0.7443 0.6674
vn -0.1478 -0.9882 -0.0396
vn 0.0657 -0.9959 0.0615
vn 0.2972 -0.9215 0.2498
vn 0.2916 -0.9532 -0.0798
vn 0.2591 -0.8369 0.4821
vn 0.2241 -0.7155 0.6616
vn 0.0853 -0.9553 -0.2830
vn -0.1353 -0.9736 -0.1840
vn 0.2900 -0.6297 -0.7207
vn 0.1471 0.5024 -0.8520
vn 0.1950 0.6375 -0.7454
vn 0.1153 0.5391 -0.8343
vn 0.0927 0.8541 -0.5118
vn 0.1344 0.6289 -0.7658
vn 0.1347 0.9226 -0.3616
vn -0.0279 0.9989 0.0368
vn -0.1164 0.9422 -0.3142
vn 0.0617 0.9947 -0.0828
vn -0.1288 0.8505 -0.5100
vn 0.3055 0.7435 -0.5949
vn 0.1844 0.5248 -0.8310
vn 0.2315 0.6382 -0.7342
vn 0.2975 0.6544 -0.6952
vn 0.2198 0.4462 -0.8675
vn 0.1835 0.4886 -0.8530
vn 0.2422 0.6200 -0.7463
vn 0.1548 0.5273 -0.8355
vn 0.1550 0.8444 -0.5128
vn 0.1805 0.6152 -0.7674
vn 0.2020 0.9098 -0.3626
vn 0.0444 0.9983 0.0373
vn -0.0497 0.9475 -0.3158
vn 0.1340 0.9875 -0.0830
vn -0.0687 0.8557 -0.5129
vn 0.3606 0.7176 -0.5958
vn 0.2232 0.5081 -0.8318
vn 0.2779 0.6176 -0.7358
vn 0.3466 0.6302 -0.6947
vn 0.2530 0.4279 -0.8677
vn -0.5830 0.3614 0.7276
vn -0.7072 0.2983 0.6410
vn -0.6653 0.2601 0.6998
vn -0.7866 0.4941 0.3703
vn -0.8537 0.3301 0.4029
vn -0.6701 0.3785 0.6385
vn -0.8160 0.5767 -0.0397
vn -0.9077 0.4149 0.0633
vn -0.9479 0.2085 0.2408
vn -0.9699 0.2353 -0.0634
vn -0.8670 0.2022 0.4554
vn -0.7449 0.1696 0.6453
vn -0.8825 0.3866 -0.2677
vn -0.8108 0.5609 -0.1672
vn -0.6948 0.0717 -0.7156
vn -0.5722 -0.2993 0.7635
vn -0.8369 -0.2952 0.4608
vn -0.8291 -0.4379 0.3476
vn -0.5546 -0.2281 0.8003
vn -0.6953 -0.1308 0.7067
vn -0.4103 -0.1797 0.8941
vn -0.4771 -0.1136 0.8715
vn -0.3995 -0.2684 0.8765
vn -0.9302 -0.1264 0.3446
vn -0.9523 -0.2944 0.0800
vn -0.9926 0.0179 -0.1202
vn -0.8345 -0.5508 -0.0144
vn 0.0578 -0.6542 0.7541
vn 0.2055 -0.7210 0.6618
vn 0.2089 -0.6638 0.7181
vn 0.0866 -0.9167 0.3901
vn 0.2751 -0.8654 0.4187
vn 0.1085 -0.7433 0.6601
vn 0.0307 -0.9987 -0.0397
vn 0.2342 -0.9703 0.0612
vn 0.4426 -0.8624 0.2457
vn 0.4406 -0.8944 -0.0765
vn 0.3928 -0.7876 0.4747
vn 0.3398 -0.6753 0.6546
vn 0.2463 -0.9287 -0.2772
vn 0.0402 -0.9826 -0.1811
vn 0.3889 -0.5811 -0.7149
vn 0.4590 -0.4805 0.7473
vn 0.5417 -0.7137 0.4441
vn 0.6582 -0.6704 0.3425
vn 0.3970 -0.4759 0.7848
vn 0.3503 -0.6419 0.6821
vn 0.3148 -0.3515 0.8817
vn 0.2654 -0.4297 0.8631
vn 0.3958 -0.3348 0.8551
vn 0.4153 -0.8485 0.3280
vn 0.5673 -0.8197 0.0784
vn 0.3003 -0.9459 -0.1226
vn 0.7581 -0.6520 -0.0131
vn -0.7479 0.6464 -0.1511
vn -0.6168 0.7012 -0.3577
vn -0.7795 0.6217 -0.0767
vn -0.7121 0.5704 -0.4094
vn -0.6485 0.4518 -0.6127
vn -0.5253 0.5097 -0.6813
vn -0.3583 0.6926 -0.6260
vn -0.3978 0.3726 -0.8384
vn -0.4858 0.5365 -0.6901
vn -0.5547 0.4697 -0.6868
vn -0.3817 0.7180 -0.5820
vn -0.4693 0.7939 -0.3866
vn -0.6261 0.7777 -0.0563
vn -0.8781 -0.4496 -0.1636
vn -0.8793 -0.2975 -0.3719
vn -0.8660 -0.4925 -0.0865
vn -0.7907 -0.4464 -0.4189
vn -0.6295 -0.4259 -0.6499
vn -0.6575 -0.2685 -0.7040
vn -0.7781 -0.0392 -0.6269
vn -0.4652 -0.2250 -0.8561
vn -0.6792 -0.2173 -0.7011
vn -0.6099 -0.3151 -0.7272
vn -0.8050 -0.0536 -0.5909
vn -0.9151 -0.1018 -0.3901
vn -0.9632 -0.2622 -0.0586
vn -0.5190 0.2144 -0.8275
vn -0.6398 0.2863 -0.7132
vn -0.5605 0.1976 -0.8042
vn -0.8570 0.2208 -0.4656
vn -0.6460 0.2283 -0.7284
vn -0.9039 0.2643 -0.3364
vn -0.9912 0.1296 0.0281
vn -0.9535 0.0507 -0.2971
vn -0.9734 0.2147 -0.0797
vn -0.8684 0.0236 -0.4953
vn -0.7375 0.3852 -0.5547
vn -0.5406 0.2570 -0.8010
vn -0.6440 0.3170 -0.6962
vn -0.6580 0.3716 -0.6549
vn -0.4646 0.2776 -0.8409
vn 0.3097 -0.5765 0.7561
vn 0.3210 -0.8326 0.4515
vn 0.4500 -0.8199 0.3539
vn 0.2492 -0.5579 0.7916
vn 0.1509 -0.7044 0.6936
vn 0.2045 -0.4148 0.8867
vn 0.1314 -0.4743 0.8705
vn 0.2877 -0.4214 0.8600
vn 0.1533 -0.9293 0.3360
vn 0.3159 -0.9455 0.0793
vn 0.0059 -0.9919 -0.1267
vn 0.5583 -0.8295 -0.0133
vn -0.1121 -0.5131 -0.8510
vn -0.1499 -0.6508 -0.7443
vn -0.0777 -0.5478 -0.8330
vn -0.0343 -0.8592 -0.5104
vn -0.0906 -0.6388 -0.7640
vn -0.0714 -0.9301 -0.3604
vn 0.0948 -0.9948 0.0363
vn 0.1777 -0.9331 -0.3126
vn 0.0057 -0.9966 -0.0825
vn 0.1840 -0.8419 -0.5073
vn -0.2523 -0.7641 -0.5937
vn -0.1470 -0.5380 -0.8300
vn -0.1868 -0.6547 -0.7325
vn -0.2501 -0.6739 -0.6952
vn -0.1877 -0.4614 -0.8671
vn -0.1363 -0.6166 0.7754
vn -0.3241 -0.8213 0.4695
vn -0.2035 -0.9060 0.3711
vn -0.1812 -0.5605 0.8081
vn -0.3595 -0.5934 0.7202
vn -0.1200 -0.4202 0.8995
vn -0.2171 -0.4153 0.8834
vn -0.0526 -0.4769 0.8774
vn -0.5277 -0.7715 0.3555
vn -0.4070 -0.9098 0.0812
vn -0.6921 -0.7100 -0.1298
vn -0.1139 -0.9934 -0.0144
vn -0.0799 -0.5209 -0.8498
vn -0.1087 -0.6603 -0.7431
vn -0.0434 -0.5537 -0.8316
vn 0.0183 -0.8606 -0.5089
vn -0.0506 -0.6455 -0.7621
vn -0.0143 -0.9332 -0.3592
vn 0.1544 -0.9874 0.0357
vn 0.2319 -0.9217 -0.3110
vn 0.0660 -0.9944 -0.0823
vn 0.2330 -0.8313 -0.5047
vn -0.2032 -0.7797 -0.5923
vn -0.1127 -0.5479 -0.8289
vn -0.1456 -0.6671 -0.7306
vn -0.2064 -0.6889 -0.6949
vn -0.1579 -0.4735 -0.8665
vn 0.5192 0.1389 -0.8433
vn 0.6650 0.1561 -0.7304
vn 0.5390 0.1773 -0.8234
vn 0.7967 0.3561 -0.4883
vn 0.6247 0.2057 -0.7533
vn 0.8673 0.3522 -0.3518
vn 0.8498 0.5260 0.0346
vn 0.7554 0.5747 -0.3147
vn 0.8921 0.4442 -0.0826
vn 0.6630 0.5358 -0.5228
vn 0.8082 0.1293 -0.5745
vn 0.5646 0.1135 -0.8175
vn 0.6803 0.1334 -0.7207
vn 0.7412 0.0911 -0.6651
vn 0.5214 0.0502 -0.8518
vn -0.6628 -0.1001 -0.7421
vn -0.7907 0.1283 -0.5986
vn -0.7175 0.1912 -0.6698
vn -0.8255 -0.1871 -0.5325
vn -0.9894 -0.0650 -0.1295
vn -0.9862 0.1321 0.1001
vn -0.9322 0.3095 -0.1877
vn -0.9545 -0.2980 -0.0090
vn -0.8399 0.4082 0.3576
vn -0.8058 0.4239 0.4134
vn -0.9664 -0.1798 -0.1836
vn -0.6556 0.1721 -0.7353
vn -0.6296 -0.1879 -0.7539
vn -0.6512 -0.1569 -0.7425
vn -0.6423 -0.1599 -0.7496
vn -0.5978 0.2004 -0.7762
vn -0.5804 0.3656 0.7277
vn -0.7051 0.3034 0.6409
vn -0.6635 0.2648 0.6997
vn -0.7830 0.4998 0.3702
vn -0.8513 0.3363 0.4028
vn -0.6674 0.3833 0.6384
vn -0.8119 0.5825 -0.0397
vn -0.9046 0.4215 0.0633
vn -0.9464 0.2155 0.2406
vn -0.9681 0.2424 -0.0634
vn -0.8656 0.2086 0.4553
vn -0.7438 0.1751 0.6451
vn -0.8798 0.3930 -0.2676
vn -0.8068 0.5667 -0.1672
vn -0.6945 0.0770 -0.7154
vn -0.6761 -0.0018 -0.7368
vn -0.7673 0.2420 -0.5939
vn -0.6852 0.2883 -0.6689
vn -0.8472 -0.0598 -0.5279
vn -0.9882 0.0822 -0.1293
vn -0.9565 0.2742 0.0992
vn -0.8805 0.4359 -0.1865
vn -0.9893 -0.1458 -0.0097
vn -0.7757 0.5200 0.3575
vn -0.7398 0.5308 0.4135
vn -0.9831 -0.0319 -0.1805
vn -0.6276 0.2653 -0.7319
vn -0.6577 -0.0891 -0.7480
vn -0.6738 -0.0566 -0.7367
vn -0.6658 -0.0604 -0.7437
vn -0.5657 0.2818 -0.7750
vn -0.2634 -0.4484 -0.8541
vn -0.3459 -0.5678 -0.7470
vn -0.2425 -0.4906 -0.8370
vn -0.2960 -0.8055 -0.5134
vn -0.2828 -0.5724 -0.7697
vn -0.3534 -0.8618 -0.3639
vn -0.2114 -0.9767 0.0382
vn -0.1067 -0.9418 -0.3188
vn -0.2992 -0.9505 -0.0834
vn -0.0720 -0.8517 -0.5190
vn -0.4792 -0.6442 -0.5962
vn -0.3078 -0.4605 -0.8326
vn -0.3787 -0.5588 -0.7378
vn -0.4523 -0.5624 -0.6922
vn -0.3239 -0.3783 -0.8672
vn 0.3419 0.5482 -0.7633
vn 0.6050 0.4852 -0.6313
vn 0.6198 0.3617 -0.6964
vn 0.3756 0.7452 -0.5509
vn 0.6045 0.7844 -0.1388
vn 0.7558 0.6455 0.1101
vn 0.8723 0.4469 -0.1984
vn 0.3644 0.9312 -0.0074
vn 0.8799 0.2916 0.3751
vn 0.8636 0.2520 0.4367
vn 0.4757 0.8578 -0.1945
vn 0.5573 0.3399 -0.7576
vn 0.2423 0.5922 -0.7685
vn 0.2842 0.5848 -0.7598
vn 0.2710 0.5818 -0.7669
vn 0.5422 0.2737 -0.7944
vn -0.5276 -0.1132 -0.8419
vn -0.6738 -0.1226 -0.7286
vn -0.5497 -0.1502 -0.8217
vn -0.8155 -0.3145 -0.4858
vn -0.6368 -0.1742 -0.7511
vn -0.8849 -0.3068 -0.3504
vn -0.8766 -0.4801 0.0341
vn -0.7860 -0.5328 -0.3135
vn -0.9144 -0.3964 -0.0824
vn -0.6921 -0.4992 -0.5213
vn -0.8150 -0.0896 -0.5725
vn -0.5718 -0.0857 -0.8159
vn -0.6884 -0.0994 -0.7185
vn -0.7463 -0.0549 -0.6634
vn -0.5253 -0.0249 -0.8505
vn -0.0187 0.5334 -0.8457
vn -0.0166 0.6741 -0.7385
vn -0.0605 0.5598 -0.8264
vn -0.1740 0.8468 -0.5027
vn -0.0704 0.6516 -0.7553
vn -0.1552 0.9220 -0.3547
vn -0.3268 0.9445 0.0338
vn -0.3875 0.8696 -0.3061
vn -0.2425 0.9667 -0.0815
vn -0.3735 0.7831 -0.4973
vn 0.0514 0.8081 -0.5867
vn 0.0069 0.5658 -0.8245
vn 0.0187 0.6896 -0.7239
vn 0.0710 0.7182 -0.6923
vn 0.0647 0.4996 -0.8638
vn -0.5628 0.3636 0.7423
vn -0.6970 0.5656 0.4408
vn -0.7998 0.4985 0.3344
vn -0.5005 0.3722 0.7816
vn -0.4988 0.5415 0.6767
vn -0.3907 0.2719 0.8794
vn -0.3656 0.3597 0.8584
vn -0.4643 0.2340 0.8542
vn -0.6104 0.7226 0.3244
vn -0.7469 0.6603 0.0780
vn -0.5272 0.8414 -0.1193
vn -0.8886 0.4585 -0.0130
vn 0.1531 -0.6460 -0.7478
vn -0.0800 -0.7749 -0.6270
vn -0.1674 -0.6844 -0.7096
vn 0.2532 -0.8050 -0.5366
vn 0.1176 -0.9826 -0.1435
vn -0.0794 -0.9906 0.1117
vn -0.2897 -0.9364 -0.1980
vn 0.3745 -0.9272 -0.0103
vn -0.4119 -0.8250 0.3869
vn -0.4286 -0.7811 0.4541
vn 0.2611 -0.9476 -0.1838
vn -0.1575 -0.6378 -0.7539
vn 0.2423 -0.6198 -0.7464
vn 0.2106 -0.6393 -0.7396
vn 0.2180 -0.6293 -0.7460
vn -0.1807 -0.5728 -0.7995
vn 0.0943 0.5177 -0.8504
vn 0.1271 0.6563 -0.7437
vn 0.0587 0.5513 -0.8322
vn 0.0050 0.8604 -0.5096
vn 0.0684 0.6428 -0.7630
vn 0.0397 0.9322 -0.3597
vn -0.1280 0.9911 0.0359
vn -0.2079 0.9271 -0.3117
vn -0.0393 0.9958 -0.0824
vn -0.2113 0.8363 -0.5058
vn 0.2251 0.7731 -0.5929
vn 0.1280 0.5438 -0.8294
vn 0.1640 0.6618 -0.7315
vn 0.2259 0.6825 -0.6951
vn 0.1713 0.4683 -0.8668
vn 0.5815 -0.7991 -0.1523
vn 0.4341 -0.8238 -0.3645
vn 0.6190 -0.7815 -0.0779
vn 0.5632 -0.7139 -0.4160
vn 0.5299 -0.5844 -0.6146
vn 0.3913 -0.6135 -0.6859
vn 0.1765 -0.7510 -0.6363
vn 0.2970 -0.4487 -0.8429
vn 0.3426 -0.6245 -0.7019
vn 0.4302 -0.5776 -0.6937
vn 0.1933 -0.7827 -0.5916
vn 0.2620 -0.8812 -0.3936
vn 0.4269 -0.9025 -0.0576
vt 0.694896 0.435494
vt 0.712059 0.545147
vt 0.784674 0.345716
vt 0.615891 0.576745
vt 0.743985 0.749117
vt 0.759536 0.848474
vt 0.814600 0.740740
vt 0.664541 0.758542
vt 0.881635 0.763484
vt 0.886423 0.800592
vt 0.684123 0.831715
vt 0.982970 0.465420
vt 0.480625 0.431903
vt 0.564418 0.503725
vt 0.594344 0.349307
vt 0.964384 0.333134
vt 0.310170 0.037610
vt 0.279638 0.156684
vt 0.422665 0.058779
vt 0.082760 0.165226
vt 0.121468 0.058174
vt 0.257523 0.242932
vt 0.241007 0.344250
vt 0.384561 0.322477
vt 0.108162 0.295260
vt 0.375489 0.338202
vt 0.395728 0.172698
vt 0.227310 0.032167
vt 0.442019 0.071480
vt 0.360974 0.248690
vt 0.144738 0.482951
vt 0.190303 0.651503
vt 0.219042 0.436212
vt 0.089356 0.747625
vt 0.176248 0.756804
vt 0.090809 0.657922
vt 0.087163 0.883032
vt 0.157677 0.895924
vt 0.329298 0.772972
vt 0.271773 0.916785
vt 0.337687 0.708256
vt 0.306527 0.621969
vt 0.166935 0.956620
vt 0.086015 0.953936
vt 0.226232 0.969516
vt 0.573678 0.609382
vt 0.496924 0.778894
vt 0.583717 0.757459
vt 0.478707 0.606741
vt 0.342456 0.590152
vt 0.467330 0.499225
vt 0.372765 0.519835
vt 0.569169 0.542870
vt 0.336394 0.775645
vt 0.467605 0.953972
vt 0.388148 0.933978
vt 0.567956 0.925979
vt 0.536885 0.340069
vt 0.585349 0.236670
vt 0.432709 0.310356
vt 0.432709 0.241748
vt 0.432709 0.163322
vt 0.574823 0.152772
vt 0.762017 0.109855
vt 0.562731 0.056388
vt 0.647792 0.005352
vt 0.457012 0.030870
vt 0.754726 0.202207
vt 0.718271 0.320077
vt 0.598322 0.340069
s 1
usemtl grass1
f 7/7/3 8/8/4 9/9/5
f 8/8/4 7/7/3 10/10/6
f 8/8/4 10/10/6 11/11/7
f 11/11/7 12/12/8 13/13/9
f 11/11/7 14/14/10 12/12/8
f 13/13/9 12/12/8 15/15/11
f 16/16/12 15/15/11 12/12/8
f 17/17/13 12/12/8 14/14/10
f 11/11/7 13/13/9 8/8/4
f 14/14/10 11/11/7 10/10/6
f 18/18/14 8/8/4 13/13/9
f 19/19/15 20/20/16 21/21/17
f 21/21/17 20/20/16 7/7/3
f 10/10/6 7/7/3 20/20/16
f 9/9/5 8/8/4 22/22/18
f 22/22/18 8/8/4 18/18/14
f 23/7/19 24/8/20 25/9/21
f 24/8/20 23/7/19 26/10/22
f 24/8/20 26/10/22 27/11/23
f 27/11/23 28/12/24 29/13/25
f 27/11/23 30/14/26 28/12/24
f 29/13/25 28/12/24 31/15/27
f 32/16/28 31/15/27 28/12/24
f 33/17/29 28/12/24 30/14/26
f 27/11/23 29/13/25 24/8/20
f 30/14/26 27/11/23 26/10/22
f 34/18/30 24/8/20 29/13/25
f 35/19/31 36/20/32 37/21/33
f 37/21/33 36/20/32 23/7/19
f 26/10/22 23/7/19 36/20/32
f 25/9/21 24/8/20 38/22/34
f 38/22/34 24/8/20 34/18/30
f 39/23/35 40/24/36 41/25/37
f 42/26/38 40/24/36 43/27/39
f 40/24/36 42/26/38 44/28/40
f 45/29/41 46/30/42 44/28/40
f 45/29/41 44/28/40 47/31/43
f 48/32/44 46/30/42 45/29/41
f 40/24/36 44/28/40 49/33/45
f 50/34/46 40/24/36 39/23/35
f 43/27/39 40/24/36 50/34/46
f 41/25/37 40/24/36 51/35/47
f 51/35/47 40/24/36 49/33/45
f 49/33/45 44/28/40 52/36/48
f 52/36/48 44/28/40 53/30/49
f 47/31/43 44/28/40 42/26/38
f 54/37/50 55/38/51 56/39/52
f 57/40/53 58/41/54 59/42/55
f 60/43/56 61/44/57 57/40/53
f 62/45/58 61/44/57 63/46/59
f 64/47/60 58/41/54 62/45/58
f 55/38/51 58/41/54 64/47/60
f 65/48/61 55/38/51 64/47/60
f 56/39/52 55/38/51 65/48/61
f 55/38/51 59/42/55 58/41/54
f 58/41/54 57/40/53 61/44/57
f 61/44/57 66/49/62 63/46/59
f 59/42/55 55/38/51 54/37/50
f 61/44/57 60/43/56 66/49/62
f 67/50/63 66/49/62 60/43/56
f 68/51/64 63/46/59 66/49/62
f 58/41/54 61/44/57 62/45/58
f 69/23/65 70/24/66 71/25/67
f 72/26/68 70/24/66 73/27/69
f 70/24/66 72/26/68 74/28/70
f 75/29/71 76/30/72 74/28/70
f 75/29/71 74/28/70 77/31/73
f 78/32/74 76/30/72 75/29/71
f 70/24/66 74/28/70 79/33/75
f 80/34/76 70/24/66 69/23/65
f 73/27/69 70/24/66 80/34/76
f 71/25/67 70/24/66 81/35/77
f 81/35/77 70/24/66 79/33/75
f 79/33/75 74/28/70 82/36/78
f 82/36/78 74/28/70 83/30/79
f 77/31/73 74/28/70 72/26/68
f 84/23/80 85/24/81 86/25/82
f 87/26/83 85/24/81 88/27/84
f 85/24/81 87/26/83 89/28/85
f 90/29/86 91/30/87 89/28/85
f 90/29/86 89/28/85 92/31/88
f 93/32/89 91/30/87 90/29/86
f 85/24/81 89/28/85 94/33/90
f 95/34/91 85/24/81 84/23/80
f 88/27/84 85/24/81 95/34/91
f 86/25/82 85/24/81 96/35/92
f 96/35/92 85/24/81 94/33/90
f 94/33/90 89/28/85 97/36/93
f 97/36/93 89/28/85 98/30/94
f 92/31/88 89/28/85 87/26/83
f 99/37/95 100/38/96 101/39/97
f 102/40/98 103/41/99 104/42/100
f 105/43/101 106/44/102 102/40/98
f 107/45/103 106/44/102 108/46/104
f 109/47/105 103/41/99 107/45/103
f 100/38/96 103/41/99 109/47/105
f 110/48/106 100/38/96 109/47/105
f 101/39/97 100/38/96 110/48/106
f 100/38/96 104/42/100 103/41/99
f 103/41/99 102/40/98 106/44/102
f 106/44/102 111/49/107 108/46/104
f 104/42/100 100/38/96 99/37/95
f 106/44/102 105/43/101 111/49/107
f 112/50/108 111/49/107 105/43/101
f 113/51/109 108/46/104 111/49/107
f 103/41/99 106/44/102 107/45/103
f 114/23/110 115/24/111 116/25/112
f 117/26/113 115/24/111 118/27/114
f 115/24/111 117/26/113 119/28/115
f 120/29/116 121/30/117 119/28/115
f 120/29/116 119/28/115 122/31/118
f 123/32/119 121/30/117 120/29/116
f 115/24/111 119/28/115 124/33/120
f 125/34/121 115/24/111 114/23/110
f 118/27/114 115/24/111 125/34/121
f 116/25/112 115/24/111 126/35/122
f 126/35/122 115/24/111 124/33/120
f 124/33/120 119/28/115 127/36/123
f 127/36/123 119/28/115 128/30/124
f 122/31/118 119/28/115 117/26/113
f 129/23/125 130/24/126 131/25/127
f 132/26/128 130/24/126 133/27/129
f 130/24/126 132/26/128 134/28/130
f 135/29/131 136/30/132 134/28/130
f 135/29/131 134/28/130 137/31/133
f 138/32/134 136/30/132 135/29/131
f 130/24/126 134/28/130 139/33/135
f 140/34/136 130/24/126 129/23/125
f 133/27/129 130/24/126 140/34/136
f 131/25/127 130/24/126 141/35/137
f 141/35/137 130/24/126 139/33/135
f 139/33/135 134/28/130 142/36/138
f 142/36/138 134/28/130 143/30/139
f 137/31/133 134/28/130 132/26/128
f 144/7/140 145/8/141 146/9/142
f 145/8/141 144/7/140 147/10/143
f 145/8/141 147/10/143 148/11/144
f 148/11/144 149/12/145 150/13/146
f 148/11/144 151/14/147 149/12/145
f 150/13/146 149/12/145 152/15/148
f 153/16/149 152/15/148 149/12/145
f 154/17/150 149/12/145 151/14/147
f 148/11/144 150/13/146 145/8/141
f 151/14/147 148/11/144 147/10/143
f 155/18/151 145/8/141 150/13/146
f 156/19/152 157/20/153 158/21/154
f 158/21/154 157/20/153 144/7/140
f 147/10/143 144/7/140 157/20/153
f 146/9/142 145/8/141 159/22/155
f 159/22/155 145/8/141 155/18/151
f 160/37/156 161/38/157 162/39/158
f 163/40/159 164/41/160 165/42/161
f 166/43/162 167/44/163 163/40/159
f 168/45/164 167/44/163 169/46/165
f 170/47/166 164/41/160 168/45/164
f 161/38/157 164/41/160 170/47/166
f 171/48/167 161/38/157 170/47/166
f 162/39/158 161/38/157 171/48/167
f 161/38/157 165/42/161 164/41/160
f 164/41/160 163/40/159 167/44/163
f 167/44/163 172/49/168 169/46/165
f 165/42/161 161/38/157 160/37/156
f 167/44/163 166/43/162 172/49/168
f 173/50/169 172/49/168 166/43/162
f 174/51/170 169/46/165 172/49/168
f 164/41/160 167/44/163 168/45/164
f 175/23/171 176/24/172 177/25/173
f 178/26/174 176/24/172 179/27/175
f 176/24/172 178/26/174 180/28/176
f 181/29/177 182/30/178 180/28/176
f 181/29/177 180/28/176 183/31/179
f 184/32/180 182/30/178 181/29/177
f 176/24/172 180/28/176 185/33/181
f 186/34/182 176/24/172 175/23/171
f 179/27/175 176/24/172 186/34/182
f 177/25/173 176/24/172 187/35/183
f 187/35/183 176/24/172 185/33/181
f 185/33/181 180/28/176 188/36/184
f 188/36/184 180/28/176 189/30/185
f 183/31/179 180/28/176 178/26/174
f 190/23/186 191/24/187 192/25/188
f 193/26/189 191/24/187 194/27/190
f 191/24/187 193/26/189 195/28/191
f 196/29/192 197/30/193 195/28/191
f 196/29/192 195/28/191 198/31/194
f 199/32/195 197/30/193 196/29/192
f 191/24/187 195/28/191 200/33/196
f 201/34/197 191/24/187 190/23/186
f 194/27/190 191/24/187 201/34/197
f 192/25/188 191/24/187 202/35/198
f 202/35/198 191/24/187 200/33/196
f 200/33/196 195/28/191 203/36/199
f 203/36/199 195/28/191 204/30/200
f 198/31/194 195/28/191 193/26/189
f 205/37/201 206/38/202 207/39/203
f 208/40/204 209/41/205 210/42/206
f 211/43/207 212/44/208 208/40/204
f 213/45/209 212/44/208 214/46/210
f 215/47/211 209/41/205 213/45/209
f 206/38/202 209/41/205 215/47/211
f 216/48/212 206/38/202 215/47/211
f 207/39/203 206/38/202 216/48/212
f 206/38/202 210/42/206 209/41/205
f 209/41/205 208/40/204 212/44/208
f 212/44/208 217/49/213 214/46/210
f 210/42/206 206/38/202 205/37/201
f 212/44/208 211/43/207 217/49/213
f 218/50/214 217/49/213 211/43/207
f 219/51/215 214/46/210 217/49/213
f 209/41/205 212/44/208 213/45/209
f 220/52/216 221/53/217 222/54/218
f 223/55/219 224/56/220 221/53/217
f 225/57/221 226/58/222 223/55/219
f 227/59/223 223/55/219 220/52/216
f 225/57/221 223/55/219 227/59/223
f 224/56/220 223/55/219 226/58/222
f 223/55/219 221/53/217 220/52/216
f 228/60/224 221/53/217 224/56/220
f 229/61/225 228/60/224 230/62/226
f 231/63/227 222/54/218 229/61/225
f 221/53/217 229/61/225 222/54/218
f 221/53/217 228/60/224 229/61/225
f 232/37/228 233/38/229 234/39/230
f 235/40/231 236/41/232 237/42/233
f 238/43/234 239/44/235 235/40/231
f 240/45/236 239/44/235 241/46/237
f 242/47/238 236/41/232 240/45/236
f 233/38/229 236/41/232 242/47/238
f 243/48/239 233/38/229 242/47/238
f 234/39/230 233/38/229 243/48/239
f 233/38/229 237/42/233 236/41/232
f 236/41/232 235/40/231 239/44/235
f 239/44/235 244/49/240 241/46/237
f 237/42/233 233/38/229 232/37/228
f 239/44/235 238/43/234 244/49/240
f 245/50/241 244/49/240 238/43/234
f 246/51/242 241/46/237 244/49/240
f 236/41/232 239/44/235 240/45/236
f 247/52/243 248/53/244 249/54/245
f 250/55/246 251/56/247 248/53/244
f 252/57/248 253/58/249 250/55/246
f 254/59/250 250/55/246 247/52/243
f 252/57/248 250/55/246 254/59/250
f 251/56/247 250/55/246 253/58/249
f 250/55/246 248/53/244 247/52/243
f 255/60/251 248/53/244 251/56/247
f 256/61/252 255/60/251 257/62/253
f 258/63/254 249/54/245 256/61/252
f 248/53/244 256/61/252 249/54/245
f 248/53/244 255/60/251 256/61/252
f 259/64/255 260/65/256 261/66/257
f 262/67/258 260/65/256 263/68/259
f 264/69/260 260/65/256 265/70/261
f 266/71/262 264/69/260 267/72/263
f 263/68/259 264/69/260 268/73/264
f 269/74/265 260/65/256 270/75/266
f 271/76/267 260/65/256 259/64/255
f 262/67/258 261/66/257 260/65/256
f 270/75/266 260/65/256 271/76/267
f 265/70/261 260/65/256 269/74/265
f 267/72/263 264/69/260 265/70/261
f 266/71/262 268/73/264 264/69/260
f 264/69/260 263/68/259 260/65/256
f 272/64/268 273/65/269 274/66/270
f 275/67/271 273/65/269 276/68/272
f 277/69/273 273/65/269 278/70/274
f 279/71/275 277/69/273 280/72/276
f 276/68/272 277/69/273 281/73/277
f 282/74/278 273/65/269 283/75/279
f 284/76/280 273/65/269 272/64/268
f 275/67/271 274/66/270 273/65/269
f 283/75/279 273/65/269 284/76/280
f 278/70/274 273/65/269 282/74/278
f 280/72/276 277/69/273 278/70/274
f 279/71/275 281/73/277 277/69/273
f 277/69/273 276/68/272 273/65/269
f 285/23/281 286/24/282 287/25/283
f 288/26/284 286/24/282 289/27/285
f 286/24/282 288/26/284 290/28/286
f 291/29/287 292/30/288 290/28/286
f 291/29/287 290/28/286 293/31/289
f 294/32/290 292/30/288 291/29/287
f 286/24/282 290/28/286 295/33/291
f 296/34/292 286/24/282 285/23/281
f 289/27/285 286/24/282 296/34/292
f 287/25/283 286/24/282 297/35/293
f 297/35/293 286/24/282 295/33/291
f 295/33/291 290/28/286 298/36/294
f 298/36/294 290/28/286 299/30/295
f 293/31/289 290/28/286 288/26/284
f 300/52/296 301/53/297 302/54/298
f 303/55/299 304/56/300 301/53/297
f 305/57/301 306/58/302 303/55/299
f 307/59/303 303/55/299 300/52/296
f 305/57/301 303/55/299 307/59/303
f 304/56/300 303/55/299 306/58/302
f 303/55/299 301/53/297 300/52/296
f 308/60/304 301/53/297 304/56/300
f 309/61/305 308/60/304 310/62/306
f 311/63/307 302/54/298 309/61/305
f 301/53/297 309/61/305 302/54/298
f 301/53/297 308/60/304 309/61/305
f 312/23/308 313/24/309 314/25/310
f 315/26/311 313/24/309 316/27/312
f 313/24/309 315/26/311 317/28/313
f 318/29/314 319/30/315 317/28/313
f 318/29/314 317/28/313 320/31/316
f 321/32/317 319/30/315 318/29/314
f 313/24/309 317/28/313 322/33/318
f 323/34/319 313/24/309 312/23/308
f 316/27/312 313/24/309 323/34/319
f 314/25/310 313/24/309 324/35/320
f 324/35/320 313/24/309 322/33/318
f 322/33/318 317/28/313 325/36/321
f 325/36/321 317/28/313 326/30/322
f 320/31/316 317/28/313 315/26/311
f 327/52/323 328/53/324 329/54/325
f 330/55/326 331/56/327 328/53/324
f 332/57/328 333/58/329 330/55/326
f 334/59/330 330/55/326 327/52/323
f 332/57/328 330/55/326 334/59/330
f 331/56/327 330/55/326 333/58/329
f 330/55/326 328/53/324 327/52/323
f 335/60/331 328/53/324 331/56/327
f 336/61/332 335/60/331 337/62/333
f 338/63/334 329/54/325 336/61/332
f 328/53/324 336/61/332 329/54/325
f 328/53/324 335/60/331 336/61/332
f 339/23/335 340/24/336 341/25/337
f 342/26/338 340/24/336 343/27/339
f 340/24/336 342/26/338 344/28/340
f 345/29/341 346/30/342 344/28/340
f 345/29/341 344/28/340 347/31/343
f 348/32/344 346/30/342 345/29/341
f 340/24/336 344/28/340 349/33/345
f 350/34/346 340/24/336 339/23/335
f 343/27/339 340/24/336 350/34/346
f 341/25/337 340/24/336 351/35/347
f 351/35/347 340/24/336 349/33/345
f 349/33/345 344/28/340 352/36/348
f 352/36/348 344/28/340 353/30/349
f 347/31/343 344/28/340 342/26/338
f 354/23/350 355/24/351 356/25/352
f 357/26/353 355/24/351 358/27/354
f 355/24/351 357/26/353 359/28/355
f 360/29/356 361/30/357 359/28/355
f 360/29/356 359/28/355 362/31/358
f 363/32/359 361/30/357 360/29/356
f 355/24/351 359/28/355 364/33/360
f 365/34/361 355/24/351 354/23/350
f 358/27/354 355/24/351 365/34/361
f 356/25/352 355/24/351 366/35/362
f 366/35/362 355/24/351 364/33/360
f 364/33/360 359/28/355 367/36/363
f 367/36/363 359/28/355 368/30/364
f 362/31/358 359/28/355 357/26/353
f 369/7/365 370/8/366 371/9/367
f 370/8/366 369/7/365 372/10/368
f 370/8/366 372/10/368 373/11/369
f 373/11/369 374/12/370 375/13/371
f 373/11/369 376/14/372 374/12/370
f 375/13/371 374/12/370 377/15/373
f 378/16/374 377/15/373 374/12/370
f 379/17/375 374/12/370 376/14/372
f 373/11/369 375/13/371 370/8/366
f 376/14/372 373/11/369 372/10/368
f 380/18/376 370/8/366 375/13/371
f 381/19/377 382/20/378 383/21/379
f 383/21/379 382/20/378 369/7/365
f 372/10/368 369/7/365 382/20/378
f 371/9/367 370/8/366 384/22/380
f 384/22/380 370/8/366 380/18/376
f 385/37/381 386/38/382 387/39/383
f 388/40/384 389/41/385 390/42/386
f 391/43/387 392/44/388 388/40/384
f 393/45/389 392/44/388 394/46/390
f 395/47/391 389/41/385 393/45/389
f 386/38/382 389/41/385 395/47/391
f 396/48/392 386/38/382 395/47/391
f 387/39/383 386/38/382 396/48/392
f 386/38/382 390/42/386 389/41/385
f 389/41/385 388/40/384 392/44/388
f 392/44/388 397/49/393 394/46/390
f 390/42/386 386/38/382 385/37/381
f 392/44/388 391/43/387 397/49/393
f 398/50/394 397/49/393 391/43/387
f 399/51/395 394/46/390 397/49/393
f 389/41/385 392/44/388 393/45/389
f 400/7/396 401/8/397 402/9/398
f 401/8/397 400/7/396 403/10/399
f 401/8/397 403/10/399 404/11/400
f 404/11/400 405/12/401 406/13/402
f 404/11/400 407/14/403 405/12/401
f 406/13/402 405/12/401 408/15/404
f 409/16/405 408/15/404 405/12/401
f 410/17/406 405/12/401 407/14/403
f 404/11/400 406/13/402 401/8/397
f 407/14/403 404/11/400 403/10/399
f 411/18/407 401/8/397 406/13/402
f 412/19/408 413/20/409 414/21/410
f 414/21/410 413/20/409 400/7/396
f 403/10/399 400/7/396 413/20/409
f 402/9/398 401/8/397 415/22/411
f 415/22/411 401/8/397 411/18/407
f 416/23/412 417/24/413 418/25/414
f 419/26/415 417/24/413 420/27/416
f 417/24/413 419/26/415 421/28/417
f 422/29/418 423/30/419 421/28/417
f 422/29/418 421/28/417 424/31/420
f 425/32/421 423/30/419 422/29/418
f 417/24/413 421/28/417 426/33/422
f 427/34/423 417/24/413 416/23/412
f 420/27/416 417/24/413 427/34/423
f 418/25/414 417/24/413 428/35/424
f 428/35/424 417/24/413 426/33/422
f 426/33/422 421/28/417 429/36/425
f 429/36/425 421/28/417 430/30/426
f 424/31/420 421/28/417 419/26/415
f 431/7/427 432/8/428 433/9/429
f 432/8/428 431/7/427 434/10/430
f 432/8/428 434/10/430 435/11/431
f 435/11/431 436/12/432 437/13/433
f 435/11/431 438/14/434 436/12/432
f 437/13/433 436/12/432 439/15/435
f 440/16/436 439/15/435 436/12/432
f 441/17/437 436/12/432 438/14/434
f 435/11/431 437/13/433 432/8/428
f 438/14/434 435/11/431 434/10/430
f 442/18/438 432/8/428 437/13/433
f 443/19/439 444/20/440 445/21/441
f 445/21/441 444/20/440 431/7/427
f 434/10/430 431/7/427 444/20/440
f 433/9/429 432/8/428 446/22/442
f 446/22/442 432/8/428 442/18/438
f 447/23/443 448/24/444 449/25/445
f 450/26/446 448/24/444 451/27/447
f 448/24/444 450/26/446 452/28/448
f 453/29/449 454/30/450 452/28/448
f 453/29/449 452/28/448 455/31/451
f 456/32/452 454/30/450 453/29/449
f 448/24/444 452/28/448 457/33/453
f 458/34/454 448/24/444 447/23/443
f 451/27/447 448/24/444 458/34/454
f 449/25/445 448/24/444 459/35/455
f 459/35/455 448/24/444 457/33/453
f 457/33/453 452/28/448 460/36/456
f 460/36/456 452/28/448 461/30/457
f 455/31/451 452/28/448 450/26/446
f 462/23/458 463/24/459 464/25/460
f 465/26/461 463/24/459 466/27/462
f 463/24/459 465/26/461 467/28/463
f 468/29/464 469/30/465 467/28/463
f 468/29/464 467/28/463 470/31/466
f 471/32/467 469/30/465 468/29/464
f 463/24/459 467/28/463 472/33/468
f 473/34/469 463/24/459 462/23/458
f 466/27/462 463/24/459 473/34/469
f 464/25/460 463/24/459 474/35/470
f 474/35/470 463/24/459 472/33/468
f 472/33/468 467/28/463 475/36/471
f 475/36/471 467/28/463 476/30/472
f 470/31/466 467/28/463 465/26/461
f 477/52/473 478/53/474 479/54/475
f 480/55/476 481/56/477 478/53/474
f 482/57/478 483/58/479 480/55/476
f 484/59/480 480/55/476 477/52/473
f 482/57/478 480/55/476 484/59/480
f 481/56/477 480/55/476 483/58/479
f 480/55/476 478/53/474 477/52/473
f 485/60/481 478/53/474 481/56/477
f 486/61/482 485/60/481 487/62/483
f 488/63/484 479/54/475 486/61/482
f 478/53/474 486/61/482 479/54/475
f 478/53/474 485/60/481 486/61/482
f 489/7/485 490/8/486 491/9/487
f 490/8/486 489/7/485 492/10/488
f 490/8/486 492/10/488 493/11/489
f 493/11/489 494/12/490 495/13/491
f 493/11/489 496/14/492 494/12/490
f 495/13/491 494/12/490 497/15/493
f 498/16/494 497/15/493 494/12/490
f 499/17/495 494/12/490 496/14/492
f 493/11/489 495/13/491 490/8/486
f 496/14/492 493/11/489 492/10/488
f 500/18/496 490/8/486 495/13/491
f 501/19/497 502/20/498 503/21/499
f 503/21/499 502/20/498 489/7/485
f 492/10/488 489/7/485 502/20/498
f 491/9/487 490/8/486 504/22/500
f 504/22/500 490/8/486 500/18/496
f 505/23/501 506/24/502 507/25/503
f 508/26/504 506/24/502 509/27/505
f 506/24/502 508/26/504 510/28/506
f 511/29/507 512/30/508 510/28/506
f 511/29/507 510/28/506 513/31/509
f 514/32/510 512/30/508 511/29/507
f 506/24/502 510/28/506 515/33/511
f 516/34/512 506/24/502 505/23/501
f 509/27/505 506/24/502 516/34/512
f 507/25/503 506/24/502 517/35/513
f 517/35/513 506/24/502 515/33/511
f 515/33/511 510/28/506 518/36/514
f 518/36/514 510/28/506 519/30/515
f 513/31/509 510/28/506 508/26/504
f 520/64/516 521/65/517 522/66/518
f 523/67/519 521/65/517 524/68/520
f 525/69/521 521/65/517 526/70/522
f 527/71/523 525/69/521 528/72/524
f 524/68/520 525/69/521 529/73/525
f 530/74/526 521/65/517 531/75/527
f 532/76/528 521/65/517 520/64/516
f 523/67/519 522/66/518 521/65/517
f 531/75/527 521/65/517 532/76/528
f 526/70/522 521/65/517 530/74/526
f 528/72/524 525/69/521 526/70/522
f 527/71/523 529/73/525 525/69/521
f 525/69/521 524/68/520 521/65/517
o grasspatch3_grass1_0
v -0.212128 0.490570 0.185584
v -0.199341 0.441986 0.138285
v -0.298142 0.491211 0.223364
v -0.135727 0.488800 0.123328
v -0.201630 0.395065 0.045997
v -0.214157 0.391205 -0.000840
v -0.258362 0.377365 0.048390
v -0.161346 0.454178 0.039422
v -0.310944 0.371704 0.035290
v -0.327774 0.378937 0.016892
v -0.170074 0.437607 0.005911
v -0.450058 0.395782 0.169092
v -0.089890 0.627365 0.183666
v -0.119858 0.544144 0.154405
v -0.171845 0.583237 0.221409
v -0.485092 0.472031 0.225642
v -0.343964 -0.008362 0.194665
v -0.372803 0.075775 0.127540
v -0.408096 0.000534 0.216094
v -0.296555 0.080261 0.086218
v -0.360550 0.101578 0.083566
v -0.299271 0.055328 0.123483
v -0.294266 0.090134 0.027649
v -0.345795 0.113663 0.023627
v -0.476013 0.096924 0.075361
v -0.431793 0.111557 0.013761
v -0.482803 0.089355 0.103081
v -0.461075 0.063034 0.138883
v -0.352570 0.110413 -0.002736
v -0.293762 0.084457 -0.003929
v -0.398636 0.094315 -0.010603
v -0.427139 0.314453 0.239454
v -0.369385 0.223312 0.156867
v -0.348129 0.324509 0.265819
v -0.459137 0.193405 0.106027
v -0.376846 0.188568 0.102764
v -0.462830 0.224014 0.151876
v -0.459137 0.180847 0.033966
v -0.391129 0.169403 0.029018
v -0.240341 0.231339 0.092669
v -0.289078 0.199615 0.016879
v -0.234345 0.242554 0.126775
v -0.267578 0.266983 0.170823
v -0.383942 0.175461 -0.003418
v -0.461304 0.187485 -0.004886
v -0.333435 0.209534 -0.013097
v -0.603027 -0.043884 0.198977
v -0.499512 0.014862 0.104507
v -0.587845 0.033752 0.116534
v -0.504135 -0.056122 0.203220
v -0.382446 -0.132675 0.210195
v -0.523987 -0.151566 0.259367
v -0.428299 -0.171600 0.248251
v -0.615372 -0.095306 0.234812
v -0.357620 -0.067093 0.107876
v -0.476654 0.021210 -0.005816
v -0.419785 -0.026520 0.009751
v -0.571732 0.030930 0.016856
v -0.388870 -0.068802 -0.003197
v -0.353699 -0.089615 0.046889
v -0.474259 -0.045090 0.009260
v -0.474716 -0.046082 0.042492
v -0.488434 -0.075623 0.077332
v -0.371399 -0.106781 0.085293
v -0.259796 -0.239395 0.099745
v -0.405335 -0.155716 0.126178
v -0.345841 -0.197083 0.150161
v -0.485260 -0.117188 0.138170
v -0.250320 -0.204483 0.058409
v -0.261749 -0.156448 0.004837
v -0.343414 -0.093338 -0.003197
v -0.496918 -0.150208 0.109758
v -0.453369 -0.106125 0.067467
v -0.457092 -0.219025 0.102310
v -0.504608 0.022919 0.064222
v -0.524216 -0.016327 0.103352
v -0.440109 -0.083755 0.035721
v -0.454025 -0.069061 -0.003775
v -0.388336 -0.157272 0.006287
v -0.489609 0.010208 0.014832
v -0.389725 -0.150864 0.000314
v -0.432129 -0.186401 0.060696
v -0.511566 -0.092667 0.112326
v -0.448120 -0.229858 0.097692
v -0.424896 -0.156021 0.032601
v -0.388336 -0.157272 0.006287
v -0.259216 0.087189 0.157285
v -0.283310 0.019531 0.103064
v -0.224670 0.044922 0.174594
v -0.331802 0.060623 0.069686
v -0.303497 0.010910 0.067544
v -0.317841 0.074188 0.099787
v -0.338074 0.055939 0.022376
v -0.318420 0.012054 0.019128
v -0.231110 -0.052612 0.060917
v -0.265198 -0.036072 0.011159
v -0.223236 -0.051926 0.083308
v -0.223434 -0.023453 0.112227
v -0.312698 0.010147 -0.002167
v -0.335571 0.059677 -0.003131
v -0.276794 -0.006561 -0.008521
v -0.200928 -0.398834 0.093173
v -0.249756 -0.413498 0.057286
v -0.205734 -0.330215 0.086853
v -0.258362 -0.532257 0.054532
v -0.229294 -0.511078 0.087737
v -0.267899 -0.424683 0.030346
v -0.262802 -0.441635 -0.003169
v -0.279968 -0.347443 0.005369
v -0.264999 -0.516327 0.012621
v -0.281265 -0.352844 0.000300
v -0.236420 -0.344131 0.051540
v -0.210938 -0.448334 0.095353
v -0.208511 -0.318237 0.082934
v -0.252945 -0.363892 0.027699
v -0.279968 -0.347443 0.005369
v -0.386429 -0.528717 0.088330
v -0.344040 -0.553085 0.054312
v -0.424759 -0.579208 0.082339
v -0.266113 -0.477661 0.051703
v -0.298889 -0.471710 0.083177
v -0.324799 -0.558212 0.028777
v -0.318008 -0.542999 -0.002993
v -0.363373 -0.619720 0.005101
v -0.271210 -0.493286 0.011975
v -0.359192 -0.616928 0.000296
v -0.395264 -0.591293 0.048866
v -0.349564 -0.501831 0.090396
v -0.430100 -0.589386 0.078624
v -0.371933 -0.589386 0.026267
v -0.363373 -0.619720 0.005101
v -0.342636 0.382019 0.181564
v -0.363342 0.426086 0.135291
v -0.259934 0.398773 0.218525
v -0.416306 0.368301 0.120658
v -0.369293 0.471603 0.045004
v -0.357941 0.477814 -0.000817
v -0.317886 0.500031 0.047345
v -0.397720 0.406723 0.038572
v -0.268402 0.516083 0.034529
v -0.250961 0.512558 0.016530
v -0.392212 0.424393 0.005788
v -0.130615 0.521042 0.165430
v -0.436264 0.225967 0.179687
v -0.421921 0.311935 0.151061
v -0.365219 0.284912 0.216612
v -0.083740 0.454895 0.220753
v -0.213898 0.455627 -0.003065
v -0.183228 0.480835 0.045086
v -0.266510 0.383972 0.008911
v -0.265884 0.383148 0.040858
v -0.247162 0.358643 0.074352
v -0.176132 0.457352 0.082005
v -0.024521 0.511414 0.095899
v -0.149475 0.406143 0.121311
v -0.092560 0.446381 0.144366
v -0.212036 0.345444 0.132839
v -0.049286 0.533997 0.056160
v -0.092896 0.541916 0.004658
v -0.176178 0.489120 -0.003065
v -0.089050 0.112717 0.133747
v -0.122589 0.108643 0.099675
v -0.078522 0.178528 0.160962
v -0.099213 0.054367 0.088901
v -0.153244 0.115891 0.033196
v -0.154297 0.125961 -0.000543
v -0.158234 0.161438 0.034920
v -0.119003 0.078079 0.028460
v -0.155792 0.202393 0.025483
v -0.149048 0.214447 0.012231
v -0.128922 0.086716 0.004321
v -0.123566 0.306168 0.121867
v -0.013245 0.002975 0.132365
v -0.064575 0.035721 0.111288
v -0.032700 0.070969 0.159553
v -0.069183 0.324051 0.162603
v -0.521652 0.183731 0.148285
v -0.441269 0.147430 0.077910
v -0.473053 0.211121 0.086869
v -0.481308 0.116638 0.151446
v -0.464462 0.004959 0.156642
v -0.541596 0.083725 0.193273
v -0.506958 0.014923 0.184992
v -0.554917 0.167023 0.174980
v -0.417725 0.020660 0.080420
v -0.427063 0.136276 -0.004275
v -0.425552 0.078400 0.007321
v -0.466934 0.199799 0.012614
v -0.480072 0.051468 0.163767
v -0.438782 0.049637 0.122035
v -0.504288 -0.026062 0.197100
v -0.457626 0.120026 0.108838
v -0.402954 0.034622 0.040609
v -0.403412 0.022263 -0.000715
v -0.404831 -0.021500 0.042720
v -0.437790 0.087341 0.034808
v -0.414917 -0.070572 0.031162
v -0.425186 -0.083801 0.014930
v -0.427307 0.074890 0.005242
v -0.472000 -0.189651 0.149216
v -0.552719 0.199661 0.162074
v -0.496307 0.149628 0.136258
v -0.541016 0.113434 0.195375
v -0.540939 -0.200302 0.199110
v -0.384842 -0.189117 0.139062
v -0.356400 -0.166977 0.103634
v -0.363236 -0.254547 0.167360
v -0.403259 -0.130692 0.092431
v -0.325195 -0.156708 0.034509
v -0.319489 -0.165222 -0.000573
v -0.299118 -0.195206 0.036301
v -0.374100 -0.141266 0.029584
v -0.281952 -0.233673 0.026489
v -0.282349 -0.248291 0.012709
v -0.361054 -0.143646 0.004484
v -0.262039 -0.345413 0.126710
v -0.505478 -0.131393 0.137626
v -0.443466 -0.132843 0.115709
v -0.455658 -0.182297 0.165896
v -0.302841 -0.391541 0.169067
v -0.361816 0.071671 0.141966
v -0.303726 0.052917 0.093034
v -0.328919 0.108063 0.157587
v -0.334702 0.003067 0.062911
v -0.295136 0.033905 0.060978
v -0.346985 0.015671 0.090076
v -0.330368 -0.002701 0.020216
v -0.295075 0.019363 0.017284
v -0.247070 0.108475 0.054997
v -0.258560 0.074295 0.010092
v -0.248184 0.116074 0.075204
v -0.271942 0.113953 0.101303
v -0.293884 0.025040 -0.001934
v -0.333664 -0.000534 -0.002804
v -0.282394 0.061020 -0.007668
v -0.334717 0.035080 0.125379
v -0.345993 -0.037491 0.077057
v -0.415100 0.067902 0.116870
v -0.216553 -0.116547 0.073350
v -0.223938 -0.066254 0.118059
v -0.343689 -0.067734 0.040783
v -0.321610 -0.070724 -0.004345
v -0.437958 -0.039551 0.007151
v -0.238373 -0.116180 0.016916
v -0.432587 -0.044342 0.000327
v -0.416870 0.019623 0.069320
v -0.284454 -0.006302 0.128314
v -0.430222 0.071060 0.111592
v -0.403931 -0.013397 0.037218
v -0.437958 -0.039551 0.007151
v -0.078812 -0.273651 0.203170
v -0.139969 -0.163040 0.106707
v -0.153061 -0.261169 0.118988
v -0.072586 -0.164276 0.207503
v -0.006744 -0.026367 0.214626
v 0.018753 -0.180939 0.264835
v 0.032547 -0.074677 0.253484
v -0.029511 -0.284454 0.239761
v -0.070129 -0.002594 0.110148
v -0.147217 -0.138260 -0.005943
v -0.105133 -0.073135 0.009952
v -0.151260 -0.243286 0.017207
v -0.140945 0.377014 0.212086
v -0.157928 0.280991 0.138947
v -0.085724 0.329849 0.235435
v -0.231430 0.323044 0.093923
v -0.182816 0.264343 0.091033
v -0.215912 0.344666 0.134527
v -0.238724 0.315201 0.030106
v -0.202881 0.262009 0.025724
v -0.072632 0.198700 0.082093
v -0.121536 0.211853 0.014974
v -0.062332 0.201630 0.112297
v -0.068893 0.239380 0.151307
v -0.194870 0.260956 -0.003001
v -0.236206 0.320816 -0.004302
v -0.143478 0.248047 -0.011573
v -0.281006 -0.049103 0.149910
v -0.246887 0.038467 0.078762
v -0.306641 0.003876 0.087820
v -0.218063 -0.005203 0.153106
v -0.113297 0.013046 0.158359
v -0.187256 -0.070953 0.195392
v -0.122711 -0.033264 0.187020
v -0.265366 -0.085388 0.176899
v -0.127975 0.064011 0.081300
v -0.236404 0.053955 -0.004325
v -0.182144 0.055542 0.007399
v -0.296005 0.010544 0.012750
v 0.006805 0.321396 -0.003642
v 0.038178 0.356689 0.052961
v -0.042236 0.227875 0.010435
v -0.041367 0.227066 0.047991
v -0.015503 0.202240 0.087364
v 0.050369 0.330811 0.096360
v 0.217346 0.423279 0.112693
v 0.089966 0.276550 0.142566
v 0.149292 0.334427 0.169668
v 0.027512 0.193802 0.156117
v 0.184784 0.444656 0.065979
v 0.132797 0.445297 0.005437
v 0.044968 0.367691 -0.003642
v 0.105927 0.006271 0.173545
v 0.007492 0.035110 0.091163
v 0.053452 -0.033554 0.101651
v 0.049576 0.077438 0.177245
v 0.014114 0.204300 0.183328
v 0.114838 0.125641 0.226208
v 0.064850 0.199738 0.216514
v 0.142151 0.031189 0.204794
v -0.037888 0.178329 0.094101
v -0.010605 0.045685 -0.005043
v -0.020584 0.112595 0.008532
v 0.044724 -0.021423 0.014728
v -0.109650 -0.223099 0.225409
v -0.100708 -0.162491 0.167948
v -0.015182 -0.271210 0.271306
v -0.193024 -0.179001 0.149777
v -0.075928 -0.112061 0.055831
v -0.060303 -0.114716 -0.001069
v -0.005020 -0.123840 0.058738
v -0.148361 -0.154984 0.047843
v 0.055603 -0.146576 0.042824
v 0.070740 -0.163803 0.020473
v -0.130875 -0.141541 0.007133
v 0.197495 -0.249786 0.205374
v -0.309235 -0.306488 0.223079
v -0.236740 -0.231293 0.187532
v -0.197983 -0.303009 0.268931
v 0.199966 -0.353134 0.274074
v -0.260544 -0.328491 0.152239
v -0.319931 -0.266113 0.093546
v -0.174515 -0.264725 0.141903
v -0.482727 -0.350677 0.089043
v -0.431046 -0.377563 0.143348
v -0.349518 -0.247665 0.049488
v -0.367569 -0.269363 -0.005326
v -0.258164 -0.165756 0.008638
v -0.467270 -0.327469 0.020498
v -0.266312 -0.168198 0.000349
v -0.218002 -0.229401 0.084149
v -0.333664 -0.353943 0.155804
v -0.161133 -0.250641 0.135493
v -0.257523 -0.220474 0.045158
v -0.258164 -0.165756 0.008638
v -0.483414 0.001434 0.223748
v -0.388413 -0.010483 0.146583
v -0.441605 0.067703 0.248382
v -0.423843 -0.097092 0.099081
v -0.370255 -0.037460 0.096032
v -0.446121 -0.081131 0.141920
v -0.415634 -0.104767 0.031751
v -0.366455 -0.060059 0.027128
v -0.314606 0.092575 0.086600
v -0.323700 0.036072 0.015786
v -0.318253 0.104019 0.118466
v -0.354599 0.093704 0.159623
v -0.366028 -0.050873 -0.003179
v -0.421280 -0.102356 -0.004551
v -0.357361 0.008408 -0.012222
v -0.326080 -0.249191 -0.003770
v -0.300613 -0.291595 0.054710
v -0.401688 -0.173843 0.010774
v -0.402664 -0.174591 0.049575
v -0.431931 -0.196777 0.090254
v -0.327652 -0.298660 0.099550
v -0.281006 -0.501633 0.116424
v -0.387650 -0.328720 0.147288
v -0.347717 -0.406784 0.175289
v -0.450012 -0.241394 0.161288
v -0.253342 -0.471390 0.068160
v -0.240418 -0.415192 0.005610
v -0.291962 -0.301544 -0.003770
v 0.102722 -0.389496 0.165389
v 0.047394 -0.436935 0.108370
v 0.113098 -0.447647 0.183591
v 0.023788 -0.371796 0.073271
v 0.024841 -0.433121 0.071018
v 0.043152 -0.367523 0.104924
v 0.015793 -0.372437 0.023519
v 0.011871 -0.423508 0.020103
v 0.058990 -0.532333 0.064048
v 0.036301 -0.497742 0.011723
v 0.066467 -0.536240 0.087595
v 0.080383 -0.510330 0.118006
v 0.016113 -0.428528 -0.002290
v 0.019913 -0.370499 -0.003304
v 0.040405 -0.464325 -0.008973
v -0.378525 0.377060 0.228811
v -0.321503 0.386948 0.170482
v -0.391617 0.263580 0.275402
v -0.365524 0.477692 0.152037
v -0.268539 0.377182 0.056671
v -0.265961 0.360077 -0.001088
v -0.256607 0.299728 0.059622
v -0.329895 0.438873 0.048563
v -0.257721 0.229477 0.043467
v -0.268326 0.208267 0.020779
v -0.312332 0.424957 0.007237
v -0.305069 0.049225 0.208473
v -0.516388 0.558136 0.226446
v -0.426163 0.506577 0.190362
v -0.478027 0.443558 0.272990
v -0.396729 0.013901 0.278211
v 0.045502 0.032120 0.122891
v 0.016174 0.096924 0.075529
v 0.126953 0.055267 0.114550
v -0.128845 0.080566 0.071896
v -0.096405 0.044952 0.115716
v -0.001648 0.119644 0.039977
v -0.020828 0.108475 -0.004254
v 0.088440 0.155014 0.007014
v -0.111252 0.093658 0.016584
v 0.081635 0.155548 0.000325
v 0.102860 0.094879 0.067947
v -0.016464 0.034271 0.125767
v 0.140686 0.062027 0.109378
v 0.075104 0.113281 0.036483
v 0.088440 0.155014 0.007014
v 0.081970 0.452362 0.167497
v 0.064011 0.411102 0.124813
v 0.023743 0.507675 0.201590
v 0.133057 0.402390 0.111315
v 0.036697 0.380615 0.041530
v 0.026047 0.385986 -0.000736
v -0.011642 0.404755 0.043690
v 0.096603 0.395172 0.035597
v -0.050583 0.434448 0.031868
v -0.058090 0.450104 0.015265
v 0.081543 0.389450 0.005356
v -0.132141 0.539642 0.152614
v 0.240341 0.467560 0.165765
v 0.174255 0.429993 0.139360
v 0.160278 0.489807 0.199825
v -0.114151 0.613937 0.203646
v -0.026108 -0.169571 0.135371
v -0.002701 -0.094223 0.083191
v 0.054474 -0.219238 0.126182
v -0.128387 0.013672 0.079188
v -0.128387 -0.041321 0.127466
v -0.000443 -0.061554 0.044021
v -0.023514 -0.054367 -0.004710
v 0.095673 -0.108795 0.007704
v -0.105164 0.009323 0.018248
v 0.090714 -0.102707 0.000335
v 0.063919 -0.168060 0.074837
v -0.073242 -0.116287 0.138540
v 0.070099 -0.225357 0.120483
v 0.055283 -0.130493 0.040172
v 0.095673 -0.108795 0.007704
v -0.213165 -0.084381 0.136311
v -0.244721 -0.099152 0.101585
v -0.221130 -0.016846 0.164048
v -0.206909 -0.144501 0.090604
v -0.276596 -0.101944 0.033829
v -0.280411 -0.092484 -0.000557
v -0.294083 -0.059158 0.035586
v -0.232758 -0.127762 0.029002
v -0.303040 -0.018463 0.025968
v -0.299805 -0.004547 0.012461
v -0.244812 -0.122543 0.004399
v -0.300369 0.093033 0.124203
v -0.108902 -0.166916 0.134902
v -0.167984 -0.151535 0.113420
v -0.146698 -0.106918 0.162612
v -0.252335 0.127975 0.165720
v -0.008774 -0.021210 0.126280
v 0.019653 -0.036682 0.094113
v -0.048691 -0.067291 0.151972
v 0.027237 0.019196 0.083942
v 0.040375 -0.059540 0.031352
v 0.036377 -0.068069 -0.000500
v 0.022446 -0.098267 0.032979
v 0.031494 -0.010574 0.026881
v 0.000854 -0.129242 0.024071
v -0.010269 -0.135010 0.011559
v 0.035172 -0.022919 0.004092
v -0.074417 -0.193192 0.115064
v -0.015945 0.107758 0.124975
v 0.008865 0.053268 0.105076
v -0.033218 0.043228 0.150642
v -0.125931 -0.176956 0.153521
v -0.116898 -0.003571 -0.001984
v -0.094727 0.010864 0.030344
v -0.156815 -0.047302 0.006056
v -0.156464 -0.047897 0.027505
v -0.145599 -0.065720 0.049993
v -0.091568 -0.005356 0.055131
v 0.013245 0.018890 0.064459
v -0.077209 -0.041626 0.081520
v -0.036530 -0.019211 0.097000
v -0.123047 -0.077271 0.089260
v -0.001770 0.035889 0.037779
v -0.030350 0.044571 0.003201
v -0.089478 0.015823 -0.001984
v -0.186356 -0.322845 0.124959
v -0.114944 -0.341141 0.065671
v -0.149475 -0.292908 0.073219
v -0.144302 -0.372650 0.127623
v -0.116074 -0.462997 0.132000
v -0.190216 -0.408936 0.162860
v -0.152664 -0.460983 0.155883
v -0.211884 -0.341660 0.147449
v -0.079224 -0.443024 0.067786
v -0.101700 -0.348312 -0.003566
v -0.093079 -0.396179 0.006203
v -0.142929 -0.301407 0.010662
v -0.140701 -0.093628 0.134140
v -0.160843 -0.169312 0.082435
v -0.222473 -0.048248 0.125034
v -0.032104 -0.270264 0.078468
v -0.034302 -0.215836 0.126308
v -0.161774 -0.201782 0.043622
v -0.138641 -0.207825 -0.004665
v -0.258820 -0.159500 0.007636
v -0.055252 -0.267044 0.018084
v -0.253677 -0.165298 0.000334
v -0.229782 -0.099350 0.074157
v -0.091904 -0.144196 0.137280
v -0.238190 -0.042908 0.119388
v -0.219727 -0.136139 0.039808
v -0.258820 -0.159500 0.007636
v -0.114822 0.483917 0.110774
v -0.062332 0.525360 0.058228
v -0.112366 0.527969 0.064918
v -0.059479 0.485916 0.113134
v 0.013275 0.454529 0.117014
v -0.063156 0.431641 0.144364
v -0.009003 0.429062 0.138181
v -0.117722 0.454529 0.130706
v 0.021957 0.492813 0.060102
v -0.050232 0.530884 -0.003135
v -0.015320 0.509644 0.005523
v -0.103287 0.527817 0.009475
v -0.149033 0.234818 0.093642
v -0.140442 0.288956 0.057574
v -0.089127 0.210098 0.087290
v -0.236877 0.348328 0.054806
v -0.231491 0.310745 0.088179
v -0.142105 0.311539 0.030498
v -0.158569 0.313828 -0.003187
v -0.071808 0.290237 0.005395
v -0.220596 0.347992 0.012683
v -0.075806 0.293839 0.000301
v -0.087692 0.246140 0.051799
v -0.186462 0.265839 0.095833
v -0.077835 0.207703 0.083351
v -0.097275 0.270813 0.027837
v -0.071808 0.290237 0.005395
v 0.211182 0.240280 0.230322
v 0.157852 0.215317 0.171607
v 0.197754 0.354492 0.277221
v 0.221741 0.138641 0.153040
v 0.103928 0.210648 0.057044
v 0.097488 0.226624 -0.001097
v 0.074417 0.282990 0.060015
v 0.178024 0.166931 0.048882
v 0.059280 0.351791 0.043753
v 0.064743 0.375336 0.020915
v 0.157669 0.175797 0.007284
v 0.063858 0.540314 0.209850
v 0.387436 0.100647 0.227941
v 0.287537 0.126724 0.191618
v 0.323578 0.202103 0.274793
v 0.145111 0.599350 0.280048
v 0.096481 0.117737 0.148062
v 0.053329 0.167603 0.097025
v 0.049088 0.103653 0.164354
v 0.105576 0.194916 0.065607
v 0.054871 0.189575 0.063591
v 0.110458 0.176590 0.093940
v 0.104477 0.202576 0.021076
v 0.061920 0.202728 0.018018
v -0.024811 0.149719 0.057352
v 0.002213 0.173996 0.010516
v -0.027512 0.142242 0.078429
v -0.005096 0.130676 0.105650
v 0.058060 0.198303 -0.002026
v 0.106369 0.198746 -0.002934
v 0.030151 0.172409 -0.008008
v -0.177506 -0.015594 0.257567
v -0.067474 -0.010590 0.168727
v -0.141083 0.067917 0.285928
v -0.093201 -0.115952 0.114038
v -0.042282 -0.037704 0.110527
v -0.121201 -0.102158 0.163358
v -0.082565 -0.123093 0.036521
v -0.034164 -0.062653 0.031198
v -0.000870 0.121002 0.099668
v -0.001724 0.054993 0.018140
v -0.006943 0.133316 0.136356
v -0.046524 0.114471 0.183740
v -0.035233 -0.052124 -0.003693
v -0.089401 -0.121445 -0.005273
v -0.035339 0.016983 -0.014105
v -0.002960 -0.044220 0.115296
v -0.061584 -0.068344 0.070867
v -0.016235 0.039780 0.107472
v -0.059479 -0.215820 0.067458
v -0.025925 -0.186096 0.108566
v -0.082764 -0.084396 0.037516
v -0.074677 -0.104660 -0.003977
v -0.105896 0.009323 0.006593
v -0.069366 -0.196991 0.015571
v -0.106918 0.002487 0.000318
v -0.052567 0.018814 0.063754
v -0.010010 -0.106461 0.117995
v -0.020966 0.054184 0.102620
v -0.070816 -0.007599 0.034238
v -0.105896 0.009323 0.006593
v -0.178619 0.128098 0.143574
v -0.200836 0.047287 0.088227
v -0.265747 0.177505 0.133828
v -0.063889 -0.062073 0.083981
v -0.065781 -0.003769 0.135190
v -0.202118 0.012558 0.046680
v -0.177399 0.005844 -0.005010
v -0.305634 0.058792 0.008158
v -0.088654 -0.058380 0.019342
v -0.300156 0.052536 0.000342
v -0.274017 0.122879 0.079366
v -0.126831 0.073486 0.146936
v -0.282547 0.183365 0.127783
v -0.263565 0.083405 0.042597
v -0.305634 0.058792 0.008158
v 0.140595 -0.367035 0.129219
v 0.170120 -0.291626 0.067906
v 0.118576 -0.321320 0.075712
v 0.194885 -0.329315 0.131974
v 0.285202 -0.313751 0.136501
v 0.221359 -0.386002 0.168414
v 0.277008 -0.353638 0.161199
v 0.154007 -0.398315 0.152477
v 0.272614 -0.269821 0.070093
v 0.179169 -0.278290 -0.003696
v 0.225937 -0.277023 0.006407
v 0.127731 -0.315598 0.011019
v 0.012161 -0.146484 0.201010
v -0.017715 -0.233337 0.131694
v 0.056885 -0.199951 0.223138
v -0.080277 -0.181580 0.089025
v -0.043411 -0.244705 0.086286
v -0.062607 -0.164017 0.127505
v -0.088242 -0.187668 0.028544
v -0.062515 -0.243469 0.024391
v 0.049973 -0.324738 0.077813
v 0.006180 -0.304138 0.014203
v 0.060028 -0.323746 0.106438
v 0.059418 -0.287338 0.143408
v -0.055176 -0.245819 -0.002832
v -0.085083 -0.182861 -0.004065
v -0.009018 -0.266586 -0.010956
v -0.088806 0.520279 -0.002506
v -0.056824 0.518509 0.037465
v -0.157761 0.505295 0.007435
v -0.157791 0.504410 0.033955
v -0.158112 0.478043 0.061759
v -0.064011 0.499542 0.068112
v 0.058945 0.446152 0.079645
v -0.072571 0.451675 0.100740
v -0.016495 0.444275 0.119879
v -0.142410 0.449387 0.110309
v 0.054489 0.474777 0.046658
v 0.030792 0.505005 0.003905
v -0.048233 0.519699 -0.002506
v -0.116898 -0.006485 0.142058
v -0.126907 0.082855 0.074642
v -0.161057 0.024170 0.083225
v -0.084183 0.061478 0.145086
v -0.005875 0.129501 0.150064
v -0.030212 0.022949 0.185154
v 0.006531 0.086609 0.177221
v -0.088242 -0.028458 0.167630
v -0.040131 0.164032 0.077047
v -0.125015 0.100906 -0.004086
v -0.081039 0.129654 0.007023
v -0.155212 0.035019 0.012093
v 0.133759 0.160507 0.201423
v 0.057053 0.257736 0.105791
v 0.059265 0.159485 0.117966
v 0.123093 0.268524 0.205719
v 0.166336 0.415070 0.212780
v 0.214920 0.268509 0.262557
v 0.212143 0.374832 0.251304
v 0.183609 0.158722 0.237699
v 0.100739 0.426987 0.109202
v 0.046158 0.280685 -0.005890
v 0.077316 0.351822 0.009868
v 0.058304 0.177261 0.017061
v -0.059769 0.157196 -0.002307
v -0.066635 0.188370 0.034757
v -0.029480 0.094894 0.006911
v -0.028763 0.095123 0.031503
v -0.006897 0.101654 0.057286
v -0.049088 0.186401 0.063177
v -0.036942 0.318268 0.073872
v -0.007339 0.190582 0.093433
v -0.015793 0.246338 0.111181
v 0.012695 0.124161 0.102307
v -0.059418 0.306549 0.043282
v -0.078217 0.275955 0.003638
v -0.069824 0.196289 -0.002307
v 0.253326 0.022095 0.144453
v 0.241180 0.059143 0.107649
v 0.320145 0.026169 0.173849
v 0.193924 0.019440 0.096011
v 0.240830 0.095718 0.035840
v 0.250382 0.099365 -0.000604
v 0.284073 0.112457 0.037702
v 0.212235 0.047668 0.030724
v 0.324631 0.119629 0.027509
v 0.338059 0.114929 0.013193
v 0.218262 0.061005 0.004649
v 0.433762 0.108307 0.131620
v 0.164642 -0.090607 0.142960
v 0.184128 -0.024399 0.120193
v 0.226273 -0.052002 0.172328
v 0.464462 0.050949 0.175622
v 0.040161 -0.282211 0.152518
v 0.025665 -0.186859 0.080131
v -0.008499 -0.251511 0.089347
v 0.072388 -0.207703 0.155770
v 0.153534 -0.130890 0.161115
v 0.131912 -0.246399 0.198793
v 0.168640 -0.176285 0.190275
v 0.071823 -0.304382 0.179977
v 0.115311 -0.095535 0.082713
v 0.026917 -0.167404 -0.004404
v 0.072891 -0.134415 0.007524
v -0.002686 -0.239563 0.012969
v 0.328796 -0.361771 0.187223
v 0.287674 -0.336655 0.139505
v 0.390961 -0.296509 0.225337
v 0.272766 -0.418884 0.124416
v 0.258484 -0.301224 0.046401
v 0.264954 -0.288895 -0.000849
v 0.287582 -0.245163 0.048815
v 0.268417 -0.374451 0.039768
v 0.321610 -0.200928 0.035600
v 0.338440 -0.193237 0.017039
v 0.263794 -0.355881 0.005961
v 0.437332 -0.111923 0.170585
v 0.330948 -0.553391 0.185288
v 0.297775 -0.470749 0.155768
v 0.360794 -0.459076 0.223364
v 0.512604 -0.139893 0.227635
v 0.106903 -0.285797 0.101667
v 0.162186 -0.283279 0.062500
v 0.096237 -0.360031 0.094770
v 0.198654 -0.159363 0.059496
v 0.162888 -0.174088 0.095735
v 0.184036 -0.276245 0.033099
v 0.182526 -0.256851 -0.003480
v 0.179092 -0.361557 0.005839
v 0.202042 -0.178070 0.013753
v 0.181717 -0.356186 0.000307
v 0.132050 -0.353455 0.056230
v 0.128937 -0.235901 0.104046
v 0.096451 -0.373505 0.090493
v 0.154160 -0.336853 0.030210
v 0.179092 -0.361557 0.005839
v -0.004456 -0.437744 0.176952
v -0.035934 -0.511887 0.115942
v 0.031555 -0.487823 0.196428
v -0.087708 -0.462051 0.078384
v -0.059174 -0.520050 0.075974
v -0.071136 -0.447876 0.112254
v -0.095062 -0.466843 0.025150
v -0.075867 -0.517609 0.021495
v 0.017960 -0.596878 0.068516
v -0.019226 -0.575714 0.012528
v 0.026855 -0.596695 0.093711
v 0.028503 -0.564697 0.126252
v -0.069565 -0.520203 -0.002466
v -0.092011 -0.462845 -0.003551
v -0.030319 -0.541672 -0.009616
v 0.093170 0.291824 0.145586
v 0.171158 0.276535 0.089462
v 0.056534 0.191681 0.135703
v 0.258377 0.437363 0.085156
v 0.204086 0.428925 0.137084
v 0.203766 0.278946 0.047332
v 0.207336 0.306549 -0.005083
v 0.171906 0.161377 0.008270
v 0.257629 0.410049 0.019611
v 0.177170 0.168015 0.000343
v 0.108521 0.188705 0.080476
v 0.138550 0.354095 0.148995
v 0.052887 0.172806 0.129573
v 0.144287 0.204376 0.043191
v 0.171906 0.161377 0.008270
v 0.073059 0.137726 0.216684
v 0.028763 0.103119 0.161449
v 0.039215 0.239670 0.260803
v 0.101898 0.046661 0.143983
v -0.019882 0.087006 0.053676
v -0.028809 0.100281 -0.001019
v -0.060623 0.146988 0.056471
v 0.056412 0.063095 0.045998
v -0.087479 0.206894 0.041173
v -0.086899 0.229706 0.019688
v 0.036057 0.066757 0.006865
v -0.118790 0.381042 0.197425
v 0.261261 0.048065 0.214444
v 0.164581 0.050140 0.180274
v 0.183472 0.127274 0.258520
v -0.055267 0.453079 0.263463
v 0.328552 0.017029 0.156578
v 0.293442 -0.002533 0.116680
v 0.314621 0.093781 0.188446
v 0.340012 -0.051376 0.104064
v 0.257080 -0.008347 0.038834
v 0.252045 0.002167 -0.000674
v 0.234024 0.039246 0.040852
v 0.309174 -0.034348 0.033288
v 0.220856 0.085159 0.029802
v 0.223557 0.101379 0.014284
v 0.294998 -0.029343 0.005021
v 0.215973 0.213181 0.142666
v 0.453949 -0.068970 0.154960
v 0.385132 -0.056213 0.130278
v 0.406357 -0.003326 0.186796
v 0.268570 0.257217 0.190367
v -0.001984 0.134811 0.165764
v 0.095276 0.128754 0.087081
v 0.039810 0.183167 0.097098
v 0.063690 0.080261 0.169298
v 0.119949 -0.030777 0.175108
v 0.011475 0.021378 0.216063
v 0.071701 -0.037292 0.206804
v -0.031296 0.103867 0.195611
v 0.163818 0.004501 0.089887
v 0.114121 0.122696 -0.004806
v 0.135666 0.062271 0.008159
v 0.050171 0.173691 0.014077
v -0.127838 -0.004684 0.178209
v -0.046509 -0.075851 0.093611
v -0.063217 0.009216 0.104381
v -0.102341 -0.096756 0.182010
v -0.117920 -0.231766 0.188256
v -0.182205 -0.112778 0.232290
v -0.163803 -0.204773 0.222335
v -0.171463 -0.011826 0.210300
v -0.059097 -0.230682 0.096628
v -0.033600 -0.093887 -0.005185
v -0.050018 -0.161209 0.008756
v -0.059692 -0.006088 0.015119
v 0.191086 -0.222549 0.167742
v 0.163757 -0.120422 0.088119
v 0.134232 -0.195801 0.098256
v 0.217316 -0.136627 0.171319
v 0.296692 -0.041382 0.177198
v 0.287003 -0.170563 0.218642
v 0.318665 -0.088837 0.209273
v 0.228348 -0.242325 0.197946
v 0.250687 -0.008102 0.090959
v 0.162796 -0.098999 -0.004866
v 0.209030 -0.056519 0.008254
v 0.139145 -0.181961 0.014243
v 0.149399 -0.178528 0.200631
v 0.155029 -0.232788 0.149492
v 0.057800 -0.161362 0.241478
v 0.230606 -0.195053 0.133321
v 0.144852 -0.282379 0.049712
v 0.130859 -0.284073 -0.000927
v 0.081436 -0.290359 0.052299
v 0.197556 -0.227051 0.042604
v 0.024445 -0.286331 0.038136
v 0.007675 -0.275406 0.018245
v 0.185532 -0.243073 0.006373
v -0.119949 -0.233994 0.182800
v 0.302322 -0.056046 0.198557
v 0.256638 -0.139038 0.166921
v 0.207642 -0.087418 0.239363
v -0.144745 -0.145950 0.243940
v -0.062515 -0.526581 0.174178
v -0.037766 -0.419479 0.091496
v -0.100693 -0.470642 0.102022
v 0.002533 -0.464096 0.177893
v 0.119827 -0.423050 0.183997
v 0.048767 -0.533691 0.227034
v 0.116669 -0.478027 0.217305
v -0.038574 -0.565247 0.205542
v 0.094574 -0.367355 0.094445
v -0.028290 -0.399673 -0.005062
v 0.033768 -0.387466 0.008562
v -0.089569 -0.460953 0.014781
v -0.161850 -0.347946 0.183188
v -0.059433 -0.312088 0.096223
v -0.136810 -0.280060 0.107295
v -0.073914 -0.375717 0.187094
v 0.025375 -0.465698 0.193515
v -0.105743 -0.458954 0.238781
v -0.021881 -0.493286 0.228548
v -0.180512 -0.392517 0.216176
v 0.057419 -0.410370 0.099325
v -0.037766 -0.310196 -0.005336
v 0.006912 -0.363098 0.008994
v -0.122604 -0.285339 0.015535
v 0.390991 0.229477 0.210111
v 0.302109 0.243317 0.137654
v 0.350144 0.168457 0.233242
v 0.337448 0.323624 0.093050
v 0.285721 0.269150 0.090187
v 0.357971 0.308029 0.133275
v 0.329910 0.331055 0.029827
v 0.282684 0.290466 0.025486
v 0.230347 0.148651 0.081330
v 0.240250 0.201431 0.014836
v 0.233505 0.137802 0.111252
v 0.267868 0.146469 0.149898
v 0.282059 0.281845 -0.002971
v 0.335175 0.328644 -0.004259
v 0.272507 0.226440 -0.011463
v -0.004913 0.330048 0.183733
v 0.101334 0.309174 0.096509
v 0.047134 0.377151 0.107613
v 0.060471 0.260437 0.187651
v 0.108444 0.130051 0.194091
v -0.004364 0.203262 0.239491
v 0.054550 0.129929 0.229228
v -0.041061 0.300278 0.216819
v 0.161133 0.162460 0.099620
v 0.121292 0.299744 -0.005352
v 0.137405 0.230133 0.009020
v 0.057358 0.365204 0.015581
v 0.353928 0.118195 0.213641
v 0.262634 0.115692 0.139965
v 0.322662 0.049500 0.237162
v 0.285309 0.202682 0.094611
v 0.242111 0.138550 0.091700
v 0.308365 0.190826 0.135513
v 0.276596 0.208755 0.030325
v 0.235687 0.159363 0.025911
v 0.205704 0.007584 0.082694
v 0.207275 0.062302 0.015082
v 0.210587 -0.002716 0.113120
v 0.243668 0.012299 0.152416
v 0.236435 0.150620 -0.003025
v 0.282257 0.207291 -0.004335
v 0.235642 0.093323 -0.011659
v 0.361511 0.162079 0.159328
v 0.400787 0.152802 0.118728
v 0.326202 0.092194 0.191756
v 0.393753 0.223679 0.105890
v 0.432785 0.131912 0.039513
v 0.430405 0.120132 -0.000689
v 0.422180 0.078461 0.041567
v 0.407639 0.188751 0.033869
v 0.404846 0.033279 0.030323
v 0.392944 0.022476 0.014531
v 0.415726 0.174896 0.005106
v 0.331528 -0.070435 0.145172
v 0.315079 0.317261 0.157681
v 0.361313 0.259079 0.132565
v 0.312821 0.232513 0.190077
v 0.263825 -0.068085 0.193711
v 0.240555 0.064774 0.188134
v 0.309342 0.158142 0.098818
v 0.226242 0.138199 0.110189
v 0.330429 0.094818 0.192146
v 0.462799 0.078568 0.198741
v 0.347000 0.004089 0.245230
v 0.436859 0.026047 0.234720
v 0.248032 0.015198 0.222014
v 0.461090 0.145538 0.102004
v 0.326874 0.173035 -0.005486
v 0.392960 0.155090 0.009231
v 0.241180 0.142365 0.015949
v 0.268967 0.015305 0.145969
v 0.329834 0.029846 0.095655
v 0.281586 0.065765 0.162031
v 0.325195 -0.031647 0.064682
v 0.346390 0.017426 0.062694
v 0.308304 -0.026947 0.092614
v 0.331772 -0.034485 0.020780
v 0.353195 0.004379 0.017766
v 0.354889 0.110352 0.056544
v 0.360489 0.073441 0.010371
v 0.350372 0.116577 0.077322
v 0.330032 0.101822 0.104157
v 0.351639 0.010132 -0.001995
v 0.327805 -0.034302 -0.002889
v 0.345230 0.048660 -0.007891
v 0.125717 -0.069595 0.196679
v 0.180969 -0.137909 0.128858
v 0.189270 -0.053177 0.218329
v 0.110428 -0.171646 0.087109
v 0.177979 -0.167023 0.084429
v 0.104706 -0.147064 0.124760
v 0.111557 -0.181870 0.027933
v 0.168060 -0.184143 0.023869
v 0.285477 -0.117966 0.076139
v 0.248581 -0.148895 0.013901
v 0.289383 -0.108185 0.104147
v 0.260101 -0.091721 0.140319
v 0.173370 -0.178452 -0.002766
v 0.109207 -0.176697 -0.003973
v 0.211533 -0.145416 -0.010715
v 0.282364 -0.206253 -0.002176
v 0.310104 -0.201172 0.032958
v 0.225830 -0.233337 0.006562
v 0.225983 -0.234100 0.029873
v 0.230377 -0.256790 0.054312
v 0.307297 -0.218933 0.059897
v 0.422272 -0.239395 0.070035
v 0.308441 -0.261780 0.088577
v 0.357849 -0.256561 0.105400
v 0.248932 -0.278137 0.096988
v 0.413361 -0.215759 0.041039
v 0.387665 -0.194702 0.003460
v 0.317261 -0.198395 -0.002176
v 0.213379 -0.505905 -0.002795
v 0.184586 -0.483658 0.041407
v 0.285873 -0.536392 0.008198
v 0.286362 -0.535599 0.037526
v 0.301270 -0.511276 0.068273
v 0.201798 -0.470627 0.075298
v 0.116989 -0.341721 0.088053
v 0.236328 -0.431610 0.111381
v 0.188248 -0.388596 0.132546
v 0.302567 -0.474487 0.121963
v 0.105286 -0.371246 0.051573
v 0.110580 -0.414627 0.004295
v 0.175949 -0.479233 -0.002795
v 0.268204 0.383987 0.222952
v 0.298981 0.481232 0.146061
v 0.217163 0.441849 0.247498
v 0.369751 0.425812 0.098729
v 0.327149 0.494629 0.095690
v 0.350632 0.405777 0.141414
v 0.378418 0.432831 0.031638
v 0.348374 0.493866 0.027032
v 0.221420 0.580429 0.086292
v 0.270538 0.558990 0.015730
v 0.210297 0.579010 0.118045
v 0.211975 0.538681 0.159055
v 0.340164 0.496246 -0.003166
v 0.375046 0.427383 -0.004534
v 0.288437 0.517838 -0.012178
v 0.509598 0.221252 0.095640
v 0.458969 0.208374 0.058800
v 0.507279 0.291855 0.089152
v 0.445633 0.086929 0.055974
v 0.476257 0.107376 0.090059
v 0.439926 0.197693 0.031145
v 0.444519 0.180084 -0.003260
v 0.430481 0.277451 0.005505
v 0.439438 0.103561 0.012950
v 0.428940 0.271973 0.000302
v 0.475266 0.278946 0.052902
v 0.497467 0.170944 0.097877
v 0.504868 0.304260 0.085129
v 0.457565 0.259384 0.028428
v 0.430481 0.277451 0.005505
v 0.451843 0.143448 -0.003807
v 0.494187 0.166168 0.055220
v 0.373154 0.070267 0.010873
v 0.373718 0.069138 0.050037
v 0.391022 0.034958 0.091096
v 0.497681 0.136139 0.100478
v 0.691773 0.163467 0.117511
v 0.518814 0.067841 0.148663
v 0.595947 0.102112 0.176926
v 0.430481 0.010330 0.162795
v 0.666794 0.196823 0.068796
v 0.615997 0.217209 0.005660
v 0.504425 0.174377 -0.003807
v 0.101151 0.008621 0.163693
v 0.141846 -0.052704 0.107260
v 0.154999 0.016769 0.181708
v 0.080948 -0.074585 0.072521
v 0.137238 -0.076553 0.070291
v 0.078018 -0.053741 0.103849
v 0.081131 -0.083160 0.023280
v 0.127747 -0.089905 0.019899
v 0.229904 -0.045151 0.063393
v 0.197037 -0.067612 0.011605
v 0.233856 -0.037384 0.086698
v 0.210815 -0.021255 0.116797
v 0.132568 -0.085632 -0.002264
v 0.079575 -0.078659 -0.003268
v 0.166611 -0.061554 -0.008878
v 0.357208 -0.021744 0.207859
v 0.276779 -0.062439 0.136179
v 0.354248 -0.096115 0.230741
v 0.265442 0.024612 0.092054
v 0.250198 -0.050735 0.089221
v 0.290268 0.023773 0.131847
v 0.255478 0.026352 0.029510
v 0.236939 -0.034912 0.025215
v 0.265259 -0.182755 0.080460
v 0.246811 -0.133347 0.014679
v 0.273346 -0.189880 0.110061
v 0.297348 -0.162552 0.148292
v 0.240768 -0.042374 -0.002937
v 0.261032 0.027435 -0.004211
v 0.260834 -0.093750 -0.011338
v 0.281220 -0.320801 -0.003320
v 0.277176 -0.276184 0.048565
v 0.312332 -0.413391 0.009584
v 0.313370 -0.413239 0.044010
v 0.344818 -0.408630 0.080101
v 0.301163 -0.282501 0.088348
v 0.341110 -0.102066 0.103319
v 0.359787 -0.285172 0.130702
v 0.357834 -0.206146 0.155546
v 0.375946 -0.381393 0.143124
v 0.307877 -0.113724 0.060499
v 0.276444 -0.152344 0.005002
v 0.274124 -0.264557 -0.003320
v 0.370483 0.084076 0.106766
v 0.378555 0.022049 0.065630
v 0.297424 0.088547 0.099522
v 0.502426 -0.006424 0.062474
v 0.484482 0.032379 0.100535
v 0.387619 -0.001877 0.034751
v 0.406250 0.001801 -0.003666
v 0.304382 -0.004990 0.006121
v 0.484635 -0.012131 0.014433
v 0.309876 -0.007416 0.000311
v 0.307465 0.048843 0.059044
v 0.421127 0.064346 0.109264
v 0.284409 0.086945 0.095029
v 0.325806 0.025620 0.031717
v 0.304382 -0.004990 0.006121
v 0.338318 -0.367126 0.182551
v 0.413941 -0.449219 0.095889
v 0.405563 -0.360596 0.106922
v 0.354935 -0.463928 0.186444
v 0.325379 -0.599579 0.192843
v 0.271973 -0.470825 0.237951
v 0.281387 -0.566681 0.227753
v 0.293152 -0.369263 0.215425
v 0.385407 -0.605423 0.098980
v 0.425247 -0.469116 -0.005316
v 0.401703 -0.535736 0.008964
v 0.407593 -0.376602 0.015482
v 0.254257 -0.200928 0.138795
v 0.230576 -0.228745 0.103435
v 0.220932 -0.141647 0.167038
v 0.283142 -0.254074 0.092253
v 0.201981 -0.245544 0.034442
v 0.194809 -0.238464 -0.000571
v 0.169296 -0.213531 0.036231
v 0.252670 -0.250046 0.029527
v 0.145355 -0.179672 0.026438
v 0.143005 -0.165283 0.012684
v 0.239456 -0.250549 0.004476
v 0.105072 -0.074738 0.126465
v 0.382935 -0.231216 0.137360
v 0.322052 -0.243256 0.115486
v 0.324768 -0.192261 0.165576
v 0.136353 -0.020798 0.168741
vn -0.4882 0.5271 -0.6956
vn -0.3401 0.7450 -0.5739
vn -0.2171 0.7292 -0.6489
vn -0.6470 0.5933 -0.4790
vn -0.5993 0.7908 -0.1245
vn -0.4352 0.8948 0.0997
vn -0.2333 0.9561 -0.1773
vn -0.7884 0.6151 -0.0068
vn -0.0757 0.9424 0.3259
vn -0.0374 0.9180 0.3949
vn -0.7039 0.6924 -0.1583
vn -0.2078 0.6823 -0.7009
vn -0.5614 0.4470 -0.6964
vn -0.5414 0.4837 -0.6877
vn -0.5434 0.4704 -0.6953
vn -0.1530 0.6466 -0.7473
vn 0.2576 0.6622 0.7037
vn 0.1274 0.7747 0.6193
vn 0.1248 0.7251 0.6772
vn 0.3214 0.8782 0.3543
vn 0.1195 0.9158 0.3834
vn 0.2371 0.7504 0.6170
vn 0.4109 0.9108 -0.0388
vn 0.1926 0.9794 0.0601
vn -0.0508 0.9736 0.2227
vn -0.0456 0.9935 -0.1046
vn -0.0348 0.8961 0.4424
vn -0.0331 0.7831 0.6211
vn 0.1735 0.9473 -0.2694
vn 0.3964 0.9047 -0.1562
vn -0.1326 0.7149 -0.6866
vn -0.0781 -0.7029 0.7070
vn 0.0788 -0.7805 0.6202
vn 0.0701 -0.7317 0.6781
vn -0.0829 -0.9311 0.3553
vn 0.1228 -0.9153 0.3836
vn -0.0339 -0.7855 0.6179
vn -0.1617 -0.9861 -0.0389
vn 0.0674 -0.9959 0.0596
vn 0.3025 -0.9271 0.2213
vn 0.3030 -0.9471 -0.1055
vn 0.2670 -0.8563 0.4422
vn 0.2361 -0.7490 0.6191
vn 0.0787 -0.9602 -0.2680
vn -0.1488 -0.9761 -0.1584
vn 0.3140 -0.6596 -0.6829
vn 0.1328 0.6827 0.7186
vn 0.3135 0.8501 0.4232
vn 0.1913 0.9283 0.3187
vn 0.1872 0.6210 0.7611
vn 0.3654 0.6556 0.6608
vn 0.1325 0.4815 0.8664
vn 0.2357 0.4839 0.8428
vn 0.0505 0.5350 0.8434
vn 0.5138 0.8064 0.2929
vn 0.3791 0.9233 0.0618
vn 0.6561 0.7470 -0.1070
vn 0.0991 0.9950 -0.0122
vn -0.3656 -0.9209 -0.1353
vn -0.4701 -0.8147 -0.3395
vn -0.3205 -0.9439 -0.0802
vn -0.3000 -0.8733 -0.3838
vn -0.2015 -0.7839 -0.5873
vn -0.3397 -0.6785 -0.6513
vn -0.5888 -0.5684 -0.5746
vn -0.2235 -0.5288 -0.8188
vn -0.3832 -0.6441 -0.6620
vn -0.2672 -0.6815 -0.6813
vn -0.5987 -0.5954 -0.5358
vn -0.6357 -0.6961 -0.3338
vn -0.5472 -0.8355 -0.0508
vn -0.5828 -0.1822 -0.7920
vn -0.7141 -0.2053 -0.6693
vn -0.6006 -0.2238 -0.7676
vn -0.8131 -0.3906 -0.4316
vn -0.6797 -0.2543 -0.6880
vn -0.8717 -0.3760 -0.3143
vn -0.8366 -0.5477 0.0086
vn -0.7639 -0.5918 -0.2573
vn -0.8821 -0.4676 -0.0574
vn -0.6911 -0.5654 -0.4503
vn -0.8459 -0.1781 -0.5027
vn -0.6266 -0.1592 -0.7629
vn -0.7362 -0.1807 -0.6522
vn -0.7767 -0.1369 -0.6148
vn -0.5835 -0.0881 -0.8073
vn -0.6454 -0.3348 0.6866
vn -0.6296 -0.4901 0.6029
vn -0.5918 -0.4611 0.6612
vn -0.8306 -0.4418 0.3389
vn -0.7142 -0.5933 0.3712
vn -0.6896 -0.4063 0.5995
vn -0.9105 -0.4116 -0.0393
vn -0.8032 -0.5926 0.0603
vn -0.6358 -0.7409 0.2162
vn -0.6560 -0.7486 -0.0960
vn -0.5981 -0.6782 0.4271
vn -0.5223 -0.5974 0.6085
vn -0.7714 -0.5810 -0.2596
vn -0.8966 -0.4169 -0.1493
vn -0.4051 -0.6120 -0.6792
vn 0.6066 -0.0913 -0.7897
vn 0.7334 -0.1241 -0.6684
vn 0.6406 -0.0596 -0.7655
vn 0.9024 -0.0049 -0.4310
vn 0.7264 -0.0668 -0.6840
vn 0.9489 -0.0435 -0.3126
vn 0.9923 0.1233 0.0081
vn 0.9489 0.1907 -0.2514
vn 0.9978 0.0335 -0.0568
vn 0.8765 0.1994 -0.4382
vn 0.8395 -0.2069 -0.5025
vn 0.6350 -0.1276 -0.7619
vn 0.7438 -0.1586 -0.6493
vn 0.7548 -0.2123 -0.6207
vn 0.5622 -0.1735 -0.8086
vn -0.3760 0.4642 -0.8019
vn -0.4539 0.5725 -0.6828
vn -0.4250 0.4596 -0.7798
vn -0.6650 0.5961 -0.4498
vn -0.4850 0.5227 -0.7011
vn -0.6767 0.6614 -0.3235
vn -0.8274 0.5615 0.0097
vn -0.8418 0.4763 -0.2539
vn -0.7717 0.6332 -0.0583
vn -0.7938 0.4224 -0.4376
vn -0.4698 0.7134 -0.5200
vn -0.3722 0.5082 -0.7767
vn -0.4338 0.6060 -0.6667
vn -0.4009 0.6569 -0.6385
vn -0.2834 0.4940 -0.8220
vn 0.5846 -0.4258 -0.6906
vn 0.4813 -0.6667 -0.5691
vn 0.3623 -0.6715 -0.6464
vn 0.7491 -0.4618 -0.4750
vn 0.7408 -0.6603 -0.1236
vn 0.6016 -0.7927 0.0984
vn 0.4222 -0.8893 -0.1760
vn 0.8886 -0.4586 -0.0069
vn 0.2678 -0.9073 0.3243
vn 0.2259 -0.8914 0.3930
vn 0.8224 -0.5470 -0.1564
vn 0.3417 -0.6305 -0.6969
vn 0.6389 -0.3369 -0.6916
vn 0.6268 -0.3754 -0.6828
vn 0.6260 -0.3627 -0.6903
vn 0.2824 -0.6043 -0.7450
vn 0.7359 -0.6644 -0.1301
vn 0.5977 -0.7267 -0.3386
vn 0.7719 -0.6312 -0.0761
vn 0.7131 -0.5867 -0.3838
vn 0.6717 -0.4747 -0.5688
vn 0.5265 -0.5550 -0.6440
vn 0.3272 -0.7420 -0.5851
vn 0.4181 -0.4061 -0.8126
vn 0.4765 -0.5719 -0.6678
vn 0.5581 -0.4952 -0.6658
vn 0.3489 -0.7648 -0.5416
vn 0.4332 -0.8354 -0.3384
vn 0.5979 -0.7999 -0.0506
vn 0.6316 0.3599 -0.6867
vn 0.8148 0.1786 -0.5516
vn 0.7783 0.0847 -0.6222
vn 0.7303 0.4934 -0.4726
vn 0.9006 0.4190 -0.1158
vn 0.9666 0.2390 0.0926
vn 0.9840 0.0546 -0.1696
vn 0.7834 0.6214 -0.0060
vn 0.9478 -0.0784 0.3091
vn 0.9226 -0.1084 0.3703
vn 0.8379 0.5224 -0.1580
vn 0.7252 0.0809 -0.6837
vn 0.5668 0.4405 -0.6962
vn 0.5988 0.4158 -0.6845
vn 0.5884 0.4174 -0.6925
vn 0.6835 0.0348 -0.7291
vn 0.6366 0.3257 0.6990
vn 0.8608 0.3034 0.4087
vn 0.8490 0.4354 0.2992
vn 0.6163 0.2526 0.7459
vn 0.7558 0.1502 0.6373
vn 0.4774 0.2086 0.8536
vn 0.5454 0.1359 0.8271
vn 0.4707 0.3024 0.8289
vn 0.9509 0.1372 0.2773
vn 0.9526 0.2983 0.0604
vn 0.9947 0.0055 -0.1024
vn 0.8454 0.5339 -0.0121
vn -0.6801 -0.2654 -0.6834
vn -0.8332 -0.0591 -0.5499
vn -0.7816 0.0266 -0.6232
vn -0.7964 -0.3808 -0.4698
vn -0.9522 -0.2824 -0.1163
vn -0.9911 -0.0963 0.0923
vn -0.9818 0.0861 -0.1693
vn -0.8678 -0.4968 -0.0072
vn -0.9266 0.2129 0.3098
vn -0.8971 0.2391 0.3716
vn -0.9059 -0.3937 -0.1562
vn -0.7307 0.0249 -0.6823
vn -0.6299 -0.3528 -0.6919
vn -0.6571 -0.3243 -0.6805
vn -0.6471 -0.3274 -0.6885
vn -0.6815 0.0628 -0.7291
vn -0.3716 -0.6111 -0.6988
vn -0.6236 -0.5417 -0.5636
vn -0.6474 -0.4325 -0.6276
vn -0.3881 -0.7849 -0.4831
vn -0.5839 -0.8033 -0.1177
vn -0.7323 -0.6744 0.0950
vn -0.8453 -0.5057 -0.1727
vn -0.3654 -0.9309 -0.0049
vn -0.8764 -0.3672 0.3115
vn -0.8677 -0.3283 0.3733
vn -0.4700 -0.8677 -0.1617
vn -0.5938 -0.4084 -0.6932
vn -0.2656 -0.6537 -0.7086
vn -0.3091 -0.6470 -0.6970
vn -0.2971 -0.6436 -0.7054
vn -0.5845 -0.3452 -0.7343
vn 0.4127 -0.5831 0.6997
vn 0.5750 -0.5481 0.6074
vn 0.5465 -0.5097 0.6645
vn 0.5541 -0.7583 0.3435
vn 0.6905 -0.6194 0.3736
vn 0.4989 -0.6213 0.6042
vn 0.5342 -0.8444 -0.0391
vn 0.7000 -0.7118 0.0576
vn 0.8270 -0.5209 0.2117
vn 0.8376 -0.5369 -0.1006
vn 0.7590 -0.4911 0.4275
vn 0.6723 -0.4317 0.6014
vn 0.6872 -0.6799 -0.2560
vn 0.5371 -0.8292 -0.1551
vn 0.6753 -0.3217 -0.6636
vn 0.3501 0.4798 -0.8045
vn 0.4437 0.5808 -0.6825
vn 0.3372 0.5230 -0.7828
vn 0.4063 0.7963 -0.4481
vn 0.3827 0.5961 -0.7058
vn 0.4653 0.8232 -0.3253
vn 0.3251 0.9456 0.0119
vn 0.2297 0.9366 -0.2646
vn 0.4137 0.9085 -0.0585
vn 0.1869 0.8671 -0.4618
vn 0.5734 0.6351 -0.5175
vn 0.4013 0.4861 -0.7763
vn 0.4744 0.5706 -0.6703
vn 0.5432 0.5602 -0.6254
vn 0.4123 0.4032 -0.8170
vn -0.7105 0.0900 0.6980
vn -0.8836 0.2316 0.4069
vn -0.9457 0.1179 0.3028
vn -0.6543 0.1364 0.7438
vn -0.7112 0.3021 0.6347
vn -0.5162 0.0919 0.8515
vn -0.5264 0.1916 0.8284
vn -0.5678 0.0165 0.8230
vn -0.8636 0.4214 0.2768
vn -0.9553 0.2894 0.0605
vn -0.8233 0.5579 -0.1049
vn -0.9993 0.0360 -0.0111
vn -0.5758 -0.4378 0.6905
vn -0.5302 -0.5912 0.6077
vn -0.5001 -0.5538 0.6657
vn -0.7402 -0.5781 0.3435
vn -0.5963 -0.7099 0.3748
vn -0.6056 -0.5172 0.6048
vn -0.8267 -0.5612 -0.0393
vn -0.6858 -0.7252 0.0605
vn -0.4899 -0.8439 0.2188
vn -0.5074 -0.8561 -0.0983
vn -0.4633 -0.7738 0.4321
vn -0.4028 -0.6792 0.6136
vn -0.6554 -0.7078 -0.2637
vn -0.8118 -0.5639 -0.1516
vn -0.2831 -0.6727 -0.6836
vn -0.3578 0.5975 0.7176
vn -0.3375 0.8414 0.4220
vn -0.4780 0.8167 0.3232
vn -0.2790 0.5876 0.7596
vn -0.1662 0.7330 0.6596
vn -0.2298 0.4467 0.8647
vn -0.1498 0.5135 0.8449
vn -0.3248 0.4397 0.8374
vn -0.1567 0.9431 0.2932
vn -0.3348 0.9403 0.0616
vn -0.0045 0.9939 -0.1101
vn -0.5912 0.8064 -0.0124
vn 0.8284 -0.5452 -0.1289
vn 0.7041 -0.6259 -0.3354
vn 0.8584 -0.5074 -0.0749
vn 0.7947 -0.4728 -0.3807
vn 0.7373 -0.3701 -0.5652
vn 0.6085 -0.4683 -0.6407
vn 0.4440 -0.6816 -0.5816
vn 0.4784 -0.3402 -0.8096
vn 0.5636 -0.4929 -0.6629
vn 0.6312 -0.4071 -0.6602
vn 0.4688 -0.7009 -0.5375
vn 0.5617 -0.7560 -0.3360
vn 0.7155 -0.6968 -0.0500
vn -0.5876 -0.4032 0.7015
vn -0.8154 -0.4080 0.4107
vn -0.7867 -0.5391 0.3009
vn -0.5776 -0.3270 0.7480
vn -0.7291 -0.2417 0.6403
vn -0.4451 -0.2652 0.8553
vn -0.5222 -0.2014 0.8287
vn -0.4248 -0.3576 0.8317
vn -0.9263 -0.2530 0.2793
vn -0.9078 -0.4149 0.0610
vn -0.9867 -0.1264 -0.1024
vn -0.7700 -0.6380 -0.0115
vn 0.2037 -0.6797 -0.7047
vn -0.0253 -0.8149 -0.5790
vn -0.1363 -0.7504 -0.6467
vn 0.3247 -0.8108 -0.4870
vn 0.1929 -0.9734 -0.1240
vn -0.0039 -0.9950 0.0997
vn -0.2217 -0.9586 -0.1786
vn 0.4506 -0.8927 -0.0052
vn -0.3551 -0.8773 0.3230
vn -0.3783 -0.8394 0.3903
vn 0.3335 -0.9285 -0.1635
vn -0.1158 -0.6996 -0.7050
vn 0.3113 -0.6346 -0.7074
vn 0.2753 -0.6608 -0.6982
vn 0.2834 -0.6490 -0.7060
vn -0.1546 -0.6463 -0.7472
vn 0.2231 -0.5463 -0.8073
vn 0.2671 -0.6744 -0.6884
vn 0.2717 -0.5552 -0.7861
vn 0.4675 -0.7571 -0.4563
vn 0.3111 -0.6329 -0.7090
vn 0.4604 -0.8249 -0.3279
vn 0.6379 -0.7700 0.0120
vn 0.6775 -0.6871 -0.2624
vn 0.5627 -0.8246 -0.0578
vn 0.6435 -0.6186 -0.4508
vn 0.2392 -0.8162 -0.5260
vn 0.2055 -0.5881 -0.7822
vn 0.2378 -0.6991 -0.6743
vn 0.1893 -0.7428 -0.6422
vn 0.1235 -0.5498 -0.8261
vn 0.5131 -0.5032 0.6953
vn 0.6635 -0.4435 0.6025
vn 0.6304 -0.4090 0.6597
vn 0.6798 -0.6502 0.3394
vn 0.7875 -0.4930 0.3699
vn 0.6030 -0.5267 0.5991
vn 0.6760 -0.7359 -0.0392
vn 0.8124 -0.5803 0.0576
vn 0.9026 -0.3757 0.2102
vn 0.9152 -0.3909 -0.0976
vn 0.8321 -0.3582 0.4234
vn 0.7380 -0.3144 0.5971
vn 0.7947 -0.5521 -0.2524
vn 0.6758 -0.7209 -0.1535
vn 0.7208 -0.2064 -0.6618
vn -0.7664 -0.6286 -0.1321
vn -0.8041 -0.4948 -0.3296
vn -0.7402 -0.6679 -0.0768
vn -0.6907 -0.6188 -0.3742
vn -0.5661 -0.5884 -0.5774
vn -0.6288 -0.4396 -0.6414
vn -0.7915 -0.2364 -0.5636
vn -0.4619 -0.3629 -0.8093
vn -0.6531 -0.3947 -0.6462
vn -0.5751 -0.4767 -0.6649
vn -0.8127 -0.2549 -0.5240
vn -0.8879 -0.3241 -0.3264
vn -0.8775 -0.4772 -0.0488
vn -0.7321 0.0141 0.6811
vn -0.7959 -0.1222 0.5930
vn -0.7488 -0.1238 0.6511
vn -0.9437 0.0117 0.3307
vn -0.9161 -0.1689 0.3635
vn -0.8075 -0.0251 0.5894
vn -0.9966 0.0728 -0.0394
vn -0.9902 -0.1261 0.0595
vn -0.9214 -0.3274 0.2094
vn -0.9420 -0.3226 -0.0930
vn -0.8605 -0.2936 0.4163
vn -0.7596 -0.2631 0.5947
vn -0.9594 -0.1320 -0.2494
vn -0.9871 0.0620 -0.1477
vn -0.6692 -0.3299 -0.6659
vn -0.6144 -0.3874 -0.6873
vn -0.8056 -0.2147 -0.5521
vn -0.7740 -0.1184 -0.6220
vn -0.7065 -0.5261 -0.4734
vn -0.8807 -0.4592 -0.1163
vn -0.9549 -0.2822 0.0921
vn -0.9806 -0.0975 -0.1700
vn -0.7538 -0.6571 -0.0062
vn -0.9506 0.0367 0.3081
vn -0.9269 0.0677 0.3691
vn -0.8129 -0.5609 -0.1565
vn -0.7204 -0.1131 -0.6843
vn -0.5450 -0.4657 -0.6972
vn -0.5783 -0.4424 -0.6854
vn -0.5677 -0.4436 -0.6935
vn -0.6812 -0.0646 -0.7292
vn 0.0123 -0.5857 -0.8105
vn 0.0056 -0.7228 -0.6910
vn 0.0536 -0.6110 -0.7898
vn 0.1676 -0.8722 -0.4595
vn 0.0624 -0.6971 -0.7142
vn 0.1366 -0.9337 -0.3310
vn 0.3256 -0.9454 0.0127
vn 0.3964 -0.8792 -0.2644
vn 0.2341 -0.9705 -0.0583
vn 0.3881 -0.8007 -0.4564
vn -0.0716 -0.8459 -0.5286
vn -0.0218 -0.6194 -0.7848
vn -0.0290 -0.7336 -0.6790
vn -0.0926 -0.7625 -0.6404
vn -0.0837 -0.5569 -0.8264
vn 0.0082 0.7080 -0.7062
vn 0.2658 0.7727 -0.5764
vn 0.3524 0.6826 -0.6402
vn -0.0702 0.8697 -0.4886
vn 0.1010 0.9874 -0.1219
vn 0.2963 0.9500 0.0983
vn 0.4923 0.8522 -0.1774
vn -0.1686 0.9857 -0.0045
vn 0.5935 0.7390 0.3189
vn 0.6048 0.6976 0.3842
vn -0.0426 0.9854 -0.1648
vn 0.3147 0.6376 -0.7031
vn -0.1101 0.6939 -0.7116
vn -0.0675 0.7094 -0.7016
vn -0.0781 0.7001 -0.7097
vn 0.3387 0.5766 -0.7435
vn -0.4246 -0.4214 -0.8014
vn -0.5331 -0.5052 -0.6786
vn -0.4186 -0.4661 -0.7795
vn -0.5312 -0.7220 -0.4434
vn -0.4759 -0.5307 -0.7013
vn -0.5928 -0.7381 -0.3223
vn -0.4759 -0.8794 0.0112
vn -0.3824 -0.8858 -0.2628
vn -0.5565 -0.8288 -0.0582
vn -0.3290 -0.8250 -0.4595
vn -0.6680 -0.5395 -0.5126
vn -0.4760 -0.4199 -0.7727
vn -0.5612 -0.4914 -0.6660
vn -0.6263 -0.4709 -0.6213
vn -0.4734 -0.3370 -0.8138
vn 0.4985 0.5201 -0.6936
vn 0.7280 0.3991 -0.5574
vn 0.7250 0.2934 -0.6232
vn 0.5529 0.6819 -0.4788
vn 0.7429 0.6591 -0.1165
vn 0.8591 0.5032 0.0932
vn 0.9310 0.3224 -0.1712
vn 0.5644 0.8255 -0.0055
vn 0.9329 0.1832 0.3102
vn 0.9167 0.1472 0.3715
vn 0.6495 0.7430 -0.1615
vn 0.6698 0.2782 -0.6885
vn 0.4073 0.5817 -0.7041
vn 0.4471 0.5666 -0.6922
vn 0.4359 0.5654 -0.7002
vn 0.6460 0.2199 -0.7309
vn -0.7326 0.0178 -0.6804
vn -0.7889 0.2689 -0.5526
vn -0.7037 0.3274 -0.6306
vn -0.8834 -0.0406 -0.4670
vn -0.9864 0.1132 -0.1189
vn -0.9498 0.2984 0.0937
vn -0.8695 0.4633 -0.1711
vn -0.9931 -0.1166 -0.0086
vn -0.7647 0.5615 0.3162
vn -0.7250 0.5737 0.3812
vn -0.9878 -0.0108 -0.1551
vn -0.6599 0.3109 -0.6840
vn -0.7233 -0.0791 -0.6860
vn -0.7363 -0.0428 -0.6753
vn -0.7287 -0.0502 -0.6830
vn -0.5983 0.3223 -0.7336
vn 0.6595 -0.7402 -0.1313
vn 0.5134 -0.7876 -0.3407
vn 0.6997 -0.7103 -0.0769
vn 0.6454 -0.6593 -0.3858
vn 0.6164 -0.5420 -0.5712
vn 0.4607 -0.6080 -0.6466
vn 0.2399 -0.7733 -0.5869
vn 0.3696 -0.4462 -0.8151
vn 0.4082 -0.6191 -0.6709
vn 0.4994 -0.5502 -0.6693
vn 0.2592 -0.7983 -0.5436
vn 0.3353 -0.8788 -0.3396
vn 0.5050 -0.8616 -0.0507
vn 0.5742 0.4212 0.7020
vn 0.8022 0.4329 0.4111
vn 0.7695 0.5632 0.3011
vn 0.5667 0.3444 0.7485
vn 0.7207 0.2637 0.6412
vn 0.4361 0.2783 0.8558
vn 0.5151 0.2171 0.8292
vn 0.4127 0.3702 0.8322
vn 0.9180 0.2810 0.2798
vn 0.8946 0.4426 0.0612
vn 0.9825 0.1559 -0.1022
vn 0.7500 0.6614 -0.0112
vn 0.4048 0.4387 -0.8023
vn 0.5093 0.5274 -0.6800
vn 0.3988 0.4842 -0.7788
vn 0.4979 0.7446 -0.4446
vn 0.4512 0.5502 -0.7026
vn 0.5589 0.7637 -0.3232
vn 0.4354 0.9002 0.0113
vn 0.3408 0.9024 -0.2639
vn 0.5182 0.8533 -0.0582
vn 0.2898 0.8389 -0.4608
vn 0.6429 0.5672 -0.5147
vn 0.4565 0.4392 -0.7738
vn 0.5395 0.5152 -0.6659
vn 0.6049 0.4972 -0.6220
vn 0.4572 0.3566 -0.8148
vn 0.0231 0.6932 0.7204
vn 0.1772 0.8879 0.4245
vn 0.0433 0.9459 0.3216
vn 0.0868 0.6413 0.7623
vn 0.2594 0.7020 0.6632
vn 0.0538 0.4946 0.8674
vn 0.1563 0.5115 0.8449
vn -0.0347 0.5358 0.8436
vn 0.3838 0.8751 0.2949
vn 0.2312 0.9709 0.0619
vn 0.5359 0.8374 -0.1080
vn -0.0606 0.9981 -0.0127
vn -0.3521 -0.4787 -0.8042
vn -0.4458 -0.5795 -0.6823
vn -0.3392 -0.5223 -0.7824
vn -0.4091 -0.7949 -0.4480
vn -0.3847 -0.5948 -0.7058
vn -0.4683 -0.8215 -0.3252
vn -0.3287 -0.9444 0.0116
vn -0.2329 -0.9356 -0.2654
vn -0.4169 -0.9071 -0.0584
vn -0.1894 -0.8659 -0.4629
vn -0.5753 -0.6331 -0.5178
vn -0.4032 -0.4847 -0.7762
vn -0.4762 -0.5692 -0.6703
vn -0.5452 -0.5584 -0.6252
vn -0.4137 -0.4018 -0.8170
vn 0.4989 0.5199 -0.6934
vn 0.7282 0.3988 -0.5574
vn 0.7248 0.2929 -0.6236
vn 0.5533 0.6818 -0.4786
vn 0.7434 0.6586 -0.1166
vn 0.8594 0.5027 0.0933
vn 0.9311 0.3220 -0.1715
vn 0.5648 0.8252 -0.0054
vn 0.9329 0.1830 0.3101
vn 0.9167 0.1470 0.3717
vn 0.6500 0.7430 -0.1598
vn 0.6699 0.2780 -0.6885
vn 0.4079 0.5815 -0.7039
vn 0.4475 0.5665 -0.6919
vn 0.4361 0.5653 -0.7002
vn 0.6459 0.2198 -0.7311
vn -0.0370 0.7058 0.7074
vn -0.2041 0.7585 0.6189
vn -0.1897 0.7114 0.6767
vn -0.0698 0.9325 0.3543
vn -0.2686 0.8840 0.3827
vn -0.0944 0.7816 0.6166
vn -0.0015 0.9992 -0.0390
vn -0.2266 0.9722 0.0589
vn -0.4464 0.8673 0.2203
vn -0.4500 0.8868 -0.1052
vn -0.4007 0.8034 0.4405
vn -0.3540 0.7039 0.6159
vn -0.2325 0.9354 -0.2664
vn -0.0122 0.9873 -0.1584
vn -0.4161 0.6048 -0.6791
vn 0.5888 -0.4189 0.6912
vn 0.7256 -0.3391 0.5988
vn 0.6884 -0.3092 0.6561
vn 0.7731 -0.5380 0.3360
vn 0.8539 -0.3686 0.3673
vn 0.6797 -0.4289 0.5951
vn 0.7828 -0.6210 -0.0392
vn 0.8915 -0.4493 0.0575
vn 0.9487 -0.2377 0.2084
vn 0.9630 -0.2516 -0.0961
vn 0.8778 -0.2312 0.4194
vn 0.7789 -0.2020 0.5937
vn 0.8699 -0.4250 -0.2504
vn 0.7805 -0.6066 -0.1515
vn 0.7446 -0.0983 -0.6602
vn 0.6128 -0.0380 -0.7893
vn 0.7417 -0.0604 -0.6680
vn 0.6442 -0.0036 -0.7649
vn 0.8999 0.0735 -0.4299
vn 0.7299 -0.0037 -0.6836
vn 0.9490 0.0390 -0.3128
vn 0.9779 0.2091 0.0072
vn 0.9284 0.2724 -0.2529
vn 0.9912 0.1199 -0.0568
vn 0.8545 0.2746 -0.4409
vn 0.8548 -0.1331 -0.5015
vn 0.6446 -0.0723 -0.7611
vn 0.7553 -0.0930 -0.6487
vn 0.7724 -0.1463 -0.6180
vn 0.5765 -0.1242 -0.8076
vn 0.4088 0.4353 -0.8021
vn 0.5143 0.5232 -0.6795
vn 0.4022 0.4802 -0.7795
vn 0.5046 0.7402 -0.4445
vn 0.4562 0.5464 -0.7024
vn 0.5658 0.7586 -0.3229
vn 0.4437 0.8961 0.0112
vn 0.3495 0.8990 -0.2638
vn 0.5260 0.8485 -0.0583
vn 0.2982 0.8358 -0.4610
vn 0.6481 0.5619 -0.5141
vn 0.4604 0.4355 -0.7736
vn 0.5434 0.5103 -0.6666
vn 0.6094 0.4918 -0.6219
vn 0.4606 0.3525 -0.8146
vn -0.3565 0.5981 0.7177
vn -0.3358 0.8421 0.4221
vn -0.4762 0.8178 0.3232
vn -0.2779 0.5880 0.7596
vn -0.1648 0.7333 0.6596
vn -0.2289 0.4471 0.8647
vn -0.1488 0.5139 0.8449
vn -0.3236 0.4403 0.8375
vn -0.1546 0.9435 0.2932
vn -0.3328 0.9410 0.0617
vn -0.0030 0.9939 -0.1102
vn -0.5889 0.8081 -0.0118
vn -0.6419 -0.3416 0.6865
vn -0.6238 -0.4969 0.6032
vn -0.5868 -0.4675 0.6612
vn -0.8253 -0.4511 0.3397
vn -0.7073 -0.6014 0.3715
vn -0.6847 -0.4137 0.6001
vn -0.9059 -0.4216 -0.0392
vn -0.7964 -0.6017 0.0603
vn -0.6271 -0.7482 0.2168
vn -0.6469 -0.7564 -0.0964
vn -0.5899 -0.6847 0.4280
vn -0.5151 -0.6031 0.6091
vn -0.7645 -0.5898 -0.2600
vn -0.8918 -0.4269 -0.1497
vn -0.3975 -0.6163 -0.6798
vn 0.1037 -0.9853 -0.1355
vn -0.0453 -0.9374 -0.3453
vn 0.1559 -0.9845 -0.0808
vn 0.1408 -0.9101 -0.3898
vn 0.1878 -0.7884 -0.5858
vn 0.0124 -0.7558 -0.6546
vn -0.2681 -0.7648 -0.5858
vn 0.0432 -0.5680 -0.8219
vn -0.0419 -0.7374 -0.6742
vn 0.0805 -0.7240 -0.6851
vn -0.2655 -0.7947 -0.5458
vn -0.2524 -0.9058 -0.3402
vn -0.1023 -0.9934 -0.0520
vn -0.6153 0.3507 0.7060
vn -0.7204 0.5575 0.4127
vn -0.8240 0.4726 0.3126
vn -0.5449 0.3751 0.7499
vn -0.5271 0.5538 0.6446
vn -0.4344 0.2788 0.8565
vn -0.4007 0.3751 0.8359
vn -0.5125 0.2299 0.8273
vn -0.6221 0.7299 0.2833
vn -0.7647 0.6415 0.0609
vn -0.5242 0.8448 -0.1074
vn -0.9100 0.4144 -0.0115
vn -0.7173 -0.0212 0.6964
vn -0.9093 0.0908 0.4062
vn -0.9533 -0.0307 0.3003
vn -0.6686 0.0333 0.7429
vn -0.7514 0.1862 0.6330
vn -0.5252 0.0117 0.8509
vn -0.5525 0.1076 0.8265
vn -0.5633 -0.0718 0.8231
vn -0.9199 0.2794 0.2753
vn -0.9889 0.1359 0.0607
vn -0.9024 0.4182 -0.1039
vn -0.9928 -0.1191 -0.0113
vn 0.9293 0.3457 -0.1298
vn 0.9219 0.2106 -0.3253
vn 0.9178 0.3901 -0.0743
vn 0.8560 0.3606 -0.3705
vn 0.7336 0.3721 -0.5686
vn 0.7409 0.2176 -0.6354
vn 0.8274 -0.0231 -0.5611
vn 0.5630 0.1939 -0.8034
vn 0.7486 0.1698 -0.6409
vn 0.7071 0.2685 -0.6542
vn 0.8540 -0.0131 -0.5201
vn 0.9454 0.0289 -0.3247
vn 0.9836 0.1738 -0.0479
vn 0.5225 -0.4955 -0.6939
vn 0.3882 -0.7221 -0.5725
vn 0.2660 -0.7134 -0.6483
vn 0.6834 -0.5520 -0.4778
vn 0.6487 -0.7509 -0.1241
vn 0.4924 -0.8647 0.0995
vn 0.2969 -0.9384 -0.1769
vn 0.8247 -0.5655 -0.0069
vn 0.1399 -0.9352 0.3253
vn 0.1004 -0.9136 0.3941
vn 0.7462 -0.6467 -0.1584
vn 0.2530 -0.6681 -0.6997
vn 0.5890 -0.4125 -0.6949
vn 0.5718 -0.4498 -0.6861
vn 0.5730 -0.4367 -0.6936
vn 0.1965 -0.6355 -0.7467
vn -0.6300 0.3261 0.7048
vn -0.7432 0.5270 0.4122
vn -0.8432 0.4384 0.3113
vn -0.5606 0.3528 0.7491
vn -0.5508 0.5316 0.6434
vn -0.4464 0.2611 0.8559
vn -0.4169 0.3588 0.8351
vn -0.5225 0.2094 0.8265
vn -0.6530 0.7027 0.2825
vn -0.7910 0.6088 0.0608
vn -0.5612 0.8206 -0.1077
vn -0.9260 0.3772 -0.0120
vn 0.7308 -0.0501 -0.6808
vn 0.7755 -0.3039 -0.5534
vn 0.6867 -0.3588 -0.6322
vn 0.8842 0.0014 -0.4671
vn 0.9803 -0.1575 -0.1190
vn 0.9354 -0.3408 0.0943
vn 0.8474 -0.5029 -0.1706
vn 0.9973 0.0724 -0.0076
vn 0.7377 -0.5967 0.3158
vn 0.6976 -0.6071 0.3804
vn 0.9878 -0.0326 -0.1523
vn 0.6443 -0.3407 -0.6847
vn 0.7265 0.0468 -0.6856
vn 0.7374 0.0102 -0.6754
vn 0.7301 0.0180 -0.6831
vn 0.5820 -0.3490 -0.7345
vn -0.5702 0.2187 -0.7919
vn -0.6880 0.2760 -0.6712
vn -0.6113 0.1932 -0.7674
vn -0.8788 0.1958 -0.4352
vn -0.6930 0.2187 -0.6870
vn -0.9174 0.2441 -0.3143
vn -0.9959 0.0895 0.0085
vn -0.9679 0.0143 -0.2509
vn -0.9823 0.1783 -0.0573
vn -0.9005 -0.0093 -0.4348
vn -0.7730 0.3821 -0.5065
vn -0.5900 0.2590 -0.7647
vn -0.6907 0.3132 -0.6519
vn -0.6876 0.3682 -0.6258
vn -0.5075 0.2889 -0.8118
vn -0.6655 -0.2961 0.6852
vn -0.6596 -0.4510 0.6012
vn -0.6199 -0.4254 0.6594
vn -0.8560 -0.3913 0.3378
vn -0.7499 -0.5484 0.3700
vn -0.7140 -0.3644 0.5979
vn -0.9334 -0.3567 -0.0393
vn -0.8380 -0.5423 0.0602
vn -0.6815 -0.6992 0.2161
vn -0.7021 -0.7057 -0.0957
vn -0.6399 -0.6394 0.4263
vn -0.5597 -0.5642 0.6069
vn -0.8058 -0.5330 -0.2582
vn -0.9200 -0.3627 -0.1485
vn -0.4432 -0.5858 -0.6786
vn -0.5064 0.3322 -0.7957
vn -0.6112 0.4121 -0.6757
vn -0.5522 0.3149 -0.7719
vn -0.8164 0.3733 -0.4407
vn -0.6277 0.3568 -0.6918
vn -0.8451 0.4299 -0.3177
vn -0.9560 0.2932 0.0084
vn -0.9438 0.2121 -0.2534
vn -0.9242 0.3775 -0.0576
vn -0.8821 0.1749 -0.4373
vn -0.6707 0.5368 -0.5119
vn -0.5170 0.3751 -0.7694
vn -0.6045 0.4501 -0.6573
vn -0.5892 0.5042 -0.6314
vn -0.4289 0.3874 -0.8160
vn 0.3706 0.6115 -0.6991
vn 0.6229 0.5425 -0.5637
vn 0.6469 0.4335 -0.6273
vn 0.3870 0.7854 -0.4831
vn 0.5827 0.8041 -0.1177
vn 0.7313 0.6754 0.0947
vn 0.8444 0.5070 -0.1730
vn 0.3639 0.9314 -0.0047
vn 0.8757 0.3686 0.3118
vn 0.8670 0.3295 0.3738
vn 0.4687 0.8683 -0.1626
vn 0.5930 0.4094 -0.6933
vn 0.2647 0.6541 -0.7086
vn 0.3080 0.6475 -0.6971
vn 0.2961 0.6441 -0.7054
vn 0.5839 0.3462 -0.7343
vn 0.4616 0.5510 -0.6952
vn 0.6993 0.4453 -0.5592
vn 0.7044 0.3379 -0.6242
vn 0.5049 0.7173 -0.4801
vn 0.6978 0.7067 -0.1170
vn 0.8243 0.5584 0.0935
vn 0.9087 0.3804 -0.1716
vn 0.5059 0.8626 -0.0053
vn 0.9196 0.2412 0.3102
vn 0.9057 0.2042 0.3714
vn 0.5975 0.7855 -0.1613
vn 0.6492 0.3200 -0.6900
vn 0.3653 0.6070 -0.7057
vn 0.4066 0.5945 -0.6937
vn 0.3950 0.5927 -0.7019
vn 0.6299 0.2599 -0.7319
vn 0.4886 0.5124 0.7062
vn 0.7163 0.5616 0.4142
vn 0.6600 0.6867 0.3047
vn 0.4966 0.4339 0.7518
vn 0.6629 0.3782 0.6462
vn 0.3788 0.3455 0.8586
vn 0.4676 0.2979 0.8322
vn 0.3381 0.4328 0.8357
vn 0.8579 0.4289 0.2829
vn 0.8067 0.5878 0.0612
vn 0.9437 0.3145 -0.1023
vn 0.6220 0.7829 -0.0120
vn 0.7033 0.1437 0.6962
vn 0.9114 0.0658 0.4062
vn 0.9345 0.1936 0.2986
vn 0.6642 0.0810 0.7432
vn 0.7720 -0.0544 0.6332
vn 0.5193 0.0769 0.8511
vn 0.5637 -0.0119 0.8259
vn 0.5408 0.1667 0.8245
vn 0.9542 -0.1173 0.2751
vn 0.9975 0.0357 0.0606
vn 0.9613 -0.2557 -0.1027
vn 0.9578 0.2873 -0.0112
vn -0.6649 0.2546 0.7023
vn -0.7998 0.4383 0.4101
vn -0.8882 0.3406 0.3084
vn -0.5992 0.2878 0.7471
vn -0.6115 0.4651 0.6401
vn -0.4756 0.2102 0.8542
vn -0.4586 0.3101 0.8328
vn -0.5450 0.1503 0.8248
vn -0.7318 0.6212 0.2803
vn -0.8561 0.5133 0.0607
vn -0.6559 0.7473 -0.1068
vn -0.9623 0.2718 -0.0115
vn -0.3893 0.5991 -0.6997
vn -0.2061 0.7903 -0.5770
vn -0.0840 0.7559 -0.6493
vn -0.5381 0.6912 -0.4824
vn -0.4564 0.8810 -0.1245
vn -0.2756 0.9560 0.1002
vn -0.0611 0.9821 -0.1783
vn -0.6769 0.7361 -0.0061
vn 0.0922 0.9410 0.3255
vn 0.1259 0.9104 0.3942
vn -0.5779 0.7999 -0.1620
vn -0.0860 0.7056 -0.7034
vn -0.4776 0.5300 -0.7007
vn -0.4511 0.5636 -0.6920
vn -0.4555 0.5504 -0.6996
vn -0.0363 0.6625 -0.7482
vn -0.4483 0.5370 0.7146
vn -0.4685 0.7775 0.4196
vn -0.6011 0.7320 0.3209
vn -0.3706 0.5382 0.7570
vn -0.2840 0.6996 0.6557
vn -0.3005 0.4073 0.8624
vn -0.2322 0.4855 0.8429
vn -0.3924 0.3871 0.8343
vn -0.3083 0.9058 0.2906
vn -0.4810 0.8746 0.0614
vn -0.1693 0.9794 -0.1101
vn -0.7090 0.7051 -0.0121
vn 0.2556 0.6502 0.7155
vn 0.4598 0.7819 0.4209
vn 0.3557 0.8801 0.3145
vn 0.2967 0.5797 0.7589
vn 0.4762 0.5843 0.6571
vn 0.2190 0.4525 0.8645
vn 0.3205 0.4384 0.8397
vn 0.1470 0.5190 0.8420
vn 0.6464 0.7057 0.2902
vn 0.5362 0.8418 0.0616
vn 0.7733 0.6251 -0.1057
vn 0.2784 0.9604 -0.0121
vn -0.4983 0.5170 0.6960
vn -0.6510 0.4609 0.6032
vn -0.6184 0.4259 0.6604
vn -0.6615 0.6684 0.3401
vn -0.7738 0.5138 0.3704
vn -0.5881 0.5426 0.5998
vn -0.6549 0.7547 -0.0390
vn -0.7964 0.6021 0.0574
vn -0.8924 0.3993 0.2104
vn -0.9047 0.4147 -0.0980
vn -0.8223 0.3798 0.4238
vn -0.7290 0.3336 0.5977
vn -0.7794 0.5731 -0.2532
vn -0.6551 0.7398 -0.1533
vn -0.7145 0.2247 -0.6626
vn 0.5501 0.4502 0.7034
vn 0.7789 0.4729 0.4120
vn 0.7388 0.6023 0.3023
vn 0.5474 0.3724 0.7495
vn 0.7055 0.2990 0.6426
vn 0.4202 0.2995 0.8566
vn 0.5025 0.2423 0.8300
vn 0.3913 0.3903 0.8334
vn 0.9026 0.3263 0.2807
vn 0.8709 0.4876 0.0610
vn 0.9736 0.2041 -0.1023
vn 0.7135 0.7005 -0.0115
vn -0.5815 0.4282 0.6917
vn -0.7199 0.3505 0.5991
vn -0.6833 0.3200 0.6563
vn -0.7643 0.5502 0.3364
vn -0.8479 0.3821 0.3676
vn -0.6724 0.4396 0.5955
vn -0.7723 0.6340 -0.0395
vn -0.8842 0.4636 0.0581
vn -0.9446 0.2527 0.2094
vn -0.9590 0.2666 -0.0964
vn -0.8736 0.2449 0.4206
vn -0.7752 0.2140 0.5943
vn -0.8630 0.4390 -0.2500
vn -0.7700 0.6196 -0.1525
vn -0.7425 0.1098 -0.6607
vn -0.7161 -0.1524 -0.6811
vn -0.8318 0.0769 -0.5497
vn -0.7655 0.1521 -0.6252
vn -0.8490 -0.2452 -0.4680
vn -0.9856 -0.1223 -0.1170
vn -0.9935 0.0667 0.0926
vn -0.9548 0.2440 -0.1696
vn -0.9381 -0.3462 -0.0074
vn -0.8787 0.3614 0.3119
vn -0.8445 0.3825 0.3748
vn -0.9582 -0.2408 -0.1542
vn -0.7168 0.1445 -0.6822
vn -0.6826 -0.2450 -0.6885
vn -0.7041 -0.2128 -0.6775
vn -0.6951 -0.2176 -0.6852
vn -0.6610 0.1720 -0.7304
vn -0.1737 0.6710 0.7208
vn -0.0810 0.9017 0.4247
vn -0.2256 0.9186 0.3244
vn -0.0985 0.6396 0.7624
vn 0.0518 0.7463 0.6636
vn -0.0901 0.4897 0.8672
vn 0.0052 0.5327 0.8463
vn -0.1854 0.5070 0.8418
vn 0.1229 0.9474 0.2956
vn -0.0510 0.9968 0.0618
vn 0.2835 0.9527 -0.1099
vn -0.3396 0.9405 -0.0123
vn 0.6557 -0.3137 0.6867
vn 0.7742 -0.2148 0.5953
vn 0.7332 -0.1911 0.6526
vn 0.8538 -0.4001 0.3331
vn 0.9042 -0.2224 0.3647
vn 0.7446 -0.3092 0.5916
vn 0.8771 -0.4786 -0.0390
vn 0.9540 -0.2941 0.0582
vn 0.9749 -0.0797 0.2078
vn 0.9913 -0.0922 -0.0944
vn 0.9050 -0.0852 0.4168
vn 0.8027 -0.0723 0.5919
vn 0.9289 -0.2748 -0.2482
vn 0.8726 -0.4650 -0.1495
vn 0.7507 0.0239 -0.6602
vn 0.0114 -0.7067 0.7075
vn 0.1764 -0.7651 0.6193
vn 0.1636 -0.7174 0.6771
vn 0.0356 -0.9343 0.3546
vn 0.2365 -0.8930 0.3830
vn 0.0656 -0.7842 0.6170
vn -0.0350 -0.9986 -0.0390
vn 0.1916 -0.9797 0.0591
vn 0.4154 -0.8826 0.2201
vn 0.4184 -0.9021 -0.1054
vn 0.3716 -0.8171 0.4408
vn 0.3281 -0.7155 0.6168
vn 0.1985 -0.9431 -0.2666
vn -0.0239 -0.9871 -0.1583
vn 0.3938 -0.6184 -0.6801
vn 0.3295 -0.9346 -0.1339
vn 0.1725 -0.9225 -0.3452
vn 0.3801 -0.9214 -0.0805
vn 0.3483 -0.8522 -0.3904
vn 0.3661 -0.7266 -0.5814
vn 0.1894 -0.7332 -0.6531
vn -0.0826 -0.8042 -0.5886
vn 0.1729 -0.5448 -0.8205
vn 0.1336 -0.7248 -0.6759
vn 0.2484 -0.6884 -0.6815
vn -0.0737 -0.8337 -0.5473
vn -0.0350 -0.9393 -0.3413
vn 0.1322 -0.9899 -0.0516
vn 0.4786 0.8677 -0.1346
vn 0.5672 0.7514 -0.3372
vn 0.4374 0.8958 -0.0793
vn 0.4086 0.8293 -0.3812
vn 0.3002 0.7528 -0.5859
vn 0.4218 0.6326 -0.6495
vn 0.6539 0.4959 -0.5713
vn 0.2891 0.4992 -0.8169
vn 0.4612 0.5952 -0.6580
vn 0.3522 0.6451 -0.6780
vn 0.6669 0.5213 -0.5324
vn 0.7149 0.6156 -0.3316
vn 0.6455 0.7621 -0.0503
vn 0.6326 0.3575 0.6870
vn 0.6103 0.5128 0.6038
vn 0.5741 0.4820 0.6619
vn 0.8131 0.4723 0.3403
vn 0.6911 0.6197 0.3720
vn 0.6735 0.4309 0.6006
vn 0.8948 0.4447 -0.0391
vn 0.7804 0.6223 0.0606
vn 0.6066 0.7649 0.2169
vn 0.6263 0.7736 -0.0964
vn 0.5711 0.7003 0.4283
vn 0.4983 0.6164 0.6097
vn 0.7487 0.6095 -0.2607
vn 0.8806 0.4494 -0.1503
vn 0.3806 0.6267 -0.6800
vn 0.6026 -0.1139 -0.7899
vn 0.7278 -0.1509 -0.6690
vn 0.6374 -0.0830 -0.7660
vn 0.9013 -0.0383 -0.4314
vn 0.7233 -0.0935 -0.6842
vn 0.9465 -0.0786 -0.3131
vn 0.9962 0.0866 0.0074
vn 0.9548 0.1552 -0.2535
vn 0.9984 -0.0033 -0.0570
vn 0.8823 0.1665 -0.4402
vn 0.8308 -0.2380 -0.5032
vn 0.6295 -0.1509 -0.7622
vn 0.7368 -0.1859 -0.6501
vn 0.7463 -0.2404 -0.6207
vn 0.5546 -0.1942 -0.8092
vn 0.5960 -0.7920 -0.1322
vn 0.4453 -0.8275 -0.3419
vn 0.6387 -0.7656 -0.0773
vn 0.5885 -0.7099 -0.3869
vn 0.5689 -0.5892 -0.5738
vn 0.4071 -0.6438 -0.6479
vn 0.1715 -0.7904 -0.5880
vn 0.3307 -0.4736 -0.8163
vn 0.3528 -0.6505 -0.6727
vn 0.4498 -0.5875 -0.6727
vn 0.1887 -0.8168 -0.5451
vn 0.2582 -0.9042 -0.3402
vn 0.4302 -0.9013 -0.0512
vn -0.0618 -0.7044 0.7071
vn 0.0970 -0.7785 0.6201
vn 0.0874 -0.7300 0.6779
vn -0.0605 -0.9329 0.3551
vn 0.1442 -0.9121 0.3837
vn -0.0154 -0.7862 0.6177
vn -0.1378 -0.9897 -0.0390
vn 0.0908 -0.9941 0.0591
vn 0.3240 -0.9198 0.2214
vn 0.3252 -0.9398 -0.1055
vn 0.2868 -0.8500 0.4419
vn 0.2535 -0.7440 0.6182
vn 0.1011 -0.9579 -0.2685
vn -0.1256 -0.9793 -0.1586
vn 0.3294 -0.6526 -0.6823
vn -0.7101 0.1712 0.6830
vn -0.8034 0.0520 0.5931
vn -0.7585 0.0380 0.6506
vn -0.9189 0.2149 0.3308
vn -0.9310 0.0326 0.3635
vn -0.7941 0.1492 0.5891
vn -0.9576 0.2856 -0.0389
vn -0.9942 0.0909 0.0583
vn -0.9709 -0.1203 0.2070
vn -0.9895 -0.1110 -0.0928
vn -0.9044 -0.1007 0.4147
vn -0.8006 -0.0926 0.5919
vn -0.9655 0.0781 -0.2486
vn -0.9506 0.2733 -0.1473
vn -0.7287 -0.1764 -0.6617
vn 0.9658 0.2249 -0.1288
vn 0.9413 0.0918 -0.3248
vn 0.9600 0.2700 -0.0740
vn 0.8950 0.2487 -0.3703
vn 0.7774 0.2755 -0.5654
vn 0.7635 0.1231 -0.6340
vn 0.8172 -0.1265 -0.5623
vn 0.5847 0.1202 -0.8023
vn 0.7636 0.0754 -0.6413
vn 0.7379 0.1773 -0.6512
vn 0.8454 -0.1202 -0.5204
vn 0.9415 -0.0899 -0.3247
vn 0.9976 0.0488 -0.0481
vn 0.1809 0.5590 -0.8092
vn 0.2360 0.6859 -0.6883
vn 0.1536 0.5962 -0.7880
vn 0.1312 0.8804 -0.4558
vn 0.1731 0.6799 -0.7126
vn 0.1799 0.9269 -0.3294
vn 0.0051 0.9999 0.0130
vn -0.0853 0.9595 -0.2683
vn 0.1009 0.9932 -0.0582
vn -0.1036 0.8792 -0.4650
vn 0.3468 0.7772 -0.5250
vn 0.2266 0.5802 -0.7823
vn 0.2706 0.6846 -0.6768
vn 0.3405 0.6946 -0.6338
vn 0.2641 0.5032 -0.8228
vn 0.7142 0.0725 0.6962
vn 0.9135 -0.0252 0.4060
vn 0.9490 0.0992 0.2992
vn 0.6692 0.0147 0.7429
vn 0.7631 -0.1314 0.6328
vn 0.5248 0.0256 0.8508
vn 0.5595 -0.0676 0.8261
vn 0.5559 0.1119 0.8237
vn 0.9378 -0.2121 0.2749
vn 0.9961 -0.0642 0.0606
vn 0.9307 -0.3508 -0.1032
vn 0.9817 0.1899 -0.0111
vn 0.2344 0.6713 -0.7031
vn 0.4972 0.6547 -0.5694
vn 0.5474 0.5484 -0.6321
vn 0.2120 0.8475 -0.4866
vn 0.4054 0.9063 -0.1193
vn 0.5783 0.8102 0.0959
vn 0.7285 0.6624 -0.1749
vn 0.1567 0.9876 -0.0046
vn 0.7882 0.5297 0.3133
vn 0.7872 0.4887 0.3761
vn 0.2749 0.9474 -0.1641
vn 0.4977 0.5155 -0.6975
vn 0.1184 0.6926 -0.7115
vn 0.1634 0.6947 -0.7005
vn 0.1517 0.6890 -0.7087
vn 0.5024 0.4510 -0.7377
vt 0.694896 0.435494
vt 0.712059 0.545147
vt 0.784674 0.345716
vt 0.615891 0.576745
vt 0.743985 0.749117
vt 0.759536 0.848474
vt 0.814600 0.740740
vt 0.664541 0.758542
vt 0.881635 0.763484
vt 0.886423 0.800592
vt 0.684123 0.831715
vt 0.982970 0.465420
vt 0.480625 0.431903
vt 0.564418 0.503725
vt 0.594344 0.349307
vt 0.964384 0.333134
vt 0.144738 0.482951
vt 0.190303 0.651503
vt 0.219042 0.436212
vt 0.089356 0.747625
vt 0.176248 0.756804
vt 0.090809 0.657922
vt 0.087163 0.883032
vt 0.157677 0.895924
vt 0.329298 0.772972
vt 0.271773 0.916785
vt 0.337687 0.708256
vt 0.306527 0.621969
vt 0.166935 0.956620
vt 0.086015 0.953936
vt 0.226232 0.969516
vt 0.573678 0.609382
vt 0.496924 0.778894
vt 0.583717 0.757459
vt 0.478707 0.606741
vt 0.342456 0.590152
vt 0.467330 0.499225
vt 0.372765 0.519835
vt 0.569169 0.542870
vt 0.336394 0.775645
vt 0.467605 0.953972
vt 0.388148 0.933978
vt 0.567956 0.925979
vt 0.536885 0.340069
vt 0.585349 0.236670
vt 0.432709 0.310356
vt 0.432709 0.241748
vt 0.432709 0.163322
vt 0.574823 0.152772
vt 0.762017 0.109855
vt 0.562731 0.056388
vt 0.647792 0.005352
vt 0.457012 0.030870
vt 0.754726 0.202207
vt 0.718271 0.320077
vt 0.598322 0.340069
vt 0.310170 0.037610
vt 0.279638 0.156684
vt 0.422665 0.058779
vt 0.082760 0.165226
vt 0.121468 0.058174
vt 0.257523 0.242932
vt 0.241007 0.344250
vt 0.384561 0.322477
vt 0.108162 0.295260
vt 0.375489 0.338202
vt 0.395728 0.172698
vt 0.227310 0.032167
vt 0.442019 0.071480
vt 0.360974 0.248690
s 1
usemtl grass1
f 533/77/529 534/78/530 535/79/531
f 534/78/530 533/77/529 536/80/532
f 534/78/530 536/80/532 537/81/533
f 537/81/533 538/82/534 539/83/535
f 537/81/533 540/84/536 538/82/534
f 539/83/535 538/82/534 541/85/537
f 542/86/538 541/85/537 538/82/534
f 543/87/539 538/82/534 540/84/536
f 537/81/533 539/83/535 534/78/530
f 540/84/536 537/81/533 536/80/532
f 544/88/540 534/78/530 539/83/535
f 545/89/541 546/90/542 547/91/543
f 547/91/543 546/90/542 533/77/529
f 536/80/532 533/77/529 546/90/542
f 535/79/531 534/78/530 548/92/544
f 548/92/544 534/78/530 544/88/540
f 549/93/545 550/94/546 551/95/547
f 552/96/548 553/97/549 554/98/550
f 555/99/551 556/100/552 552/96/548
f 557/101/553 556/100/552 558/102/554
f 559/103/555 553/97/549 557/101/553
f 550/94/546 553/97/549 559/103/555
f 560/104/556 550/94/546 559/103/555
f 551/95/547 550/94/546 560/104/556
f 550/94/546 554/98/550 553/97/549
f 553/97/549 552/96/548 556/100/552
f 556/100/552 561/105/557 558/102/554
f 554/98/550 550/94/546 549/93/545
f 556/100/552 555/99/551 561/105/557
f 562/106/558 561/105/557 555/99/551
f 563/107/559 558/102/554 561/105/557
f 553/97/549 556/100/552 557/101/553
f 564/93/560 565/94/561 566/95/562
f 567/96/563 568/97/564 569/98/565
f 570/99/566 571/100/567 567/96/563
f 572/101/568 571/100/567 573/102/569
f 574/103/570 568/97/564 572/101/568
f 565/94/561 568/97/564 574/103/570
f 575/104/571 565/94/561 574/103/570
f 566/95/562 565/94/561 575/104/571
f 565/94/561 569/98/565 568/97/564
f 568/97/564 567/96/563 571/100/567
f 571/100/567 576/105/572 573/102/569
f 569/98/565 565/94/561 564/93/560
f 571/100/567 570/99/566 576/105/572
f 577/106/573 576/105/572 570/99/566
f 578/107/574 573/102/569 576/105/572
f 568/97/564 571/100/567 572/101/568
f 579/108/575 580/109/576 581/110/577
f 582/111/578 583/112/579 580/109/576
f 584/113/580 585/114/581 582/111/578
f 586/115/582 582/111/578 579/108/575
f 584/113/580 582/111/578 586/115/582
f 583/112/579 582/111/578 585/114/581
f 582/111/578 580/109/576 579/108/575
f 587/116/583 580/109/576 583/112/579
f 588/117/584 587/116/583 589/118/585
f 590/119/586 581/110/577 588/117/584
f 580/109/576 588/117/584 581/110/577
f 580/109/576 587/116/583 588/117/584
f 591/120/587 592/121/588 593/122/589
f 594/123/590 592/121/588 595/124/591
f 596/125/592 592/121/588 597/126/593
f 598/127/594 596/125/592 599/128/595
f 595/124/591 596/125/592 600/129/596
f 601/130/597 592/121/588 602/131/598
f 603/132/599 592/121/588 591/120/587
f 594/123/590 593/122/589 592/121/588
f 602/131/598 592/121/588 603/132/599
f 597/126/593 592/121/588 601/130/597
f 599/128/595 596/125/592 597/126/593
f 598/127/594 600/129/596 596/125/592
f 596/125/592 595/124/591 592/121/588
f 604/133/600 605/134/601 606/135/602
f 607/136/603 605/134/601 608/137/604
f 605/134/601 607/136/603 609/138/605
f 610/139/606 611/140/607 609/138/605
f 610/139/606 609/138/605 612/141/608
f 613/142/609 611/140/607 610/139/606
f 605/134/601 609/138/605 614/143/610
f 615/144/611 605/134/601 604/133/600
f 608/137/604 605/134/601 615/144/611
f 606/135/602 605/134/601 616/145/612
f 616/145/612 605/134/601 614/143/610
f 614/143/610 609/138/605 617/146/613
f 617/146/613 609/138/605 618/140/614
f 612/141/608 609/138/605 607/136/603
f 619/93/615 620/94/616 621/95/617
f 622/96/618 623/97/619 624/98/620
f 625/99/621 626/100/622 622/96/618
f 627/101/623 626/100/622 628/102/624
f 629/103/625 623/97/619 627/101/623
f 620/94/616 623/97/619 629/103/625
f 630/104/626 620/94/616 629/103/625
f 621/95/617 620/94/616 630/104/626
f 620/94/616 624/98/620 623/97/619
f 623/97/619 622/96/618 626/100/622
f 626/100/622 631/105/627 628/102/624
f 624/98/620 620/94/616 619/93/615
f 626/100/622 625/99/621 631/105/627
f 632/106/628 631/105/627 625/99/621
f 633/107/629 628/102/624 631/105/627
f 623/97/619 626/100/622 627/101/623
f 634/133/630 635/134/631 636/135/632
f 637/136/633 635/134/631 638/137/634
f 635/134/631 637/136/633 639/138/635
f 640/139/636 641/140/637 639/138/635
f 640/139/636 639/138/635 642/141/638
f 643/142/639 641/140/637 640/139/636
f 635/134/631 639/138/635 644/143/640
f 645/144/641 635/134/631 634/133/630
f 638/137/634 635/134/631 645/144/641
f 636/135/632 635/134/631 646/145/642
f 646/145/642 635/134/631 644/143/640
f 644/143/640 639/138/635 647/146/643
f 647/146/643 639/138/635 648/140/644
f 642/141/638 639/138/635 637/136/633
f 649/133/645 650/134/646 651/135/647
f 652/136/648 650/134/646 653/137/649
f 650/134/646 652/136/648 654/138/650
f 655/139/651 656/140/652 654/138/650
f 655/139/651 654/138/650 657/141/653
f 658/142/654 656/140/652 655/139/651
f 650/134/646 654/138/650 659/143/655
f 660/144/656 650/134/646 649/133/645
f 653/137/649 650/134/646 660/144/656
f 651/135/647 650/134/646 661/145/657
f 661/145/657 650/134/646 659/143/655
f 659/143/655 654/138/650 662/146/658
f 662/146/658 654/138/650 663/140/659
f 657/141/653 654/138/650 652/136/648
f 664/77/660 665/78/661 666/79/662
f 665/78/661 664/77/660 667/80/663
f 665/78/661 667/80/663 668/81/664
f 668/81/664 669/82/665 670/83/666
f 668/81/664 671/84/667 669/82/665
f 670/83/666 669/82/665 672/85/668
f 673/86/669 672/85/668 669/82/665
f 674/87/670 669/82/665 671/84/667
f 668/81/664 670/83/666 665/78/661
f 671/84/667 668/81/664 667/80/663
f 675/88/671 665/78/661 670/83/666
f 676/89/672 677/90/673 678/91/674
f 678/91/674 677/90/673 664/77/660
f 667/80/663 664/77/660 677/90/673
f 666/79/662 665/78/661 679/92/675
f 679/92/675 665/78/661 675/88/671
f 680/120/676 681/121/677 682/122/678
f 683/123/679 681/121/677 684/124/680
f 685/125/681 681/121/677 686/126/682
f 687/127/683 685/125/681 688/128/684
f 684/124/680 685/125/681 689/129/685
f 690/130/686 681/121/677 691/131/687
f 692/132/688 681/121/677 680/120/676
f 683/123/679 682/122/678 681/121/677
f 691/131/687 681/121/677 692/132/688
f 686/126/682 681/121/677 690/130/686
f 688/128/684 685/125/681 686/126/682
f 687/127/683 689/129/685 685/125/681
f 685/125/681 684/124/680 681/121/677
f 693/77/689 694/78/690 695/79/691
f 694/78/690 693/77/689 696/80/692
f 694/78/690 696/80/692 697/81/693
f 697/81/693 698/82/694 699/83/695
f 697/81/693 700/84/696 698/82/694
f 699/83/695 698/82/694 701/85/697
f 702/86/698 701/85/697 698/82/694
f 703/87/699 698/82/694 700/84/696
f 697/81/693 699/83/695 694/78/690
f 700/84/696 697/81/693 696/80/692
f 704/88/700 694/78/690 699/83/695
f 705/89/701 706/90/702 707/91/703
f 707/91/703 706/90/702 693/77/689
f 696/80/692 693/77/689 706/90/702
f 695/79/691 694/78/690 708/92/704
f 708/92/704 694/78/690 704/88/700
f 709/108/705 710/109/706 711/110/707
f 712/111/708 713/112/709 710/109/706
f 714/113/710 715/114/711 712/111/708
f 716/115/712 712/111/708 709/108/705
f 714/113/710 712/111/708 716/115/712
f 713/112/709 712/111/708 715/114/711
f 712/111/708 710/109/706 709/108/705
f 717/116/713 710/109/706 713/112/709
f 718/117/714 717/116/713 719/118/715
f 720/119/716 711/110/707 718/117/714
f 710/109/706 718/117/714 711/110/707
f 710/109/706 717/116/713 718/117/714
f 721/77/717 722/78/718 723/79/719
f 722/78/718 721/77/717 724/80/720
f 722/78/718 724/80/720 725/81/721
f 725/81/721 726/82/722 727/83/723
f 725/81/721 728/84/724 726/82/722
f 727/83/723 726/82/722 729/85/725
f 730/86/726 729/85/725 726/82/722
f 731/87/727 726/82/722 728/84/724
f 725/81/721 727/83/723 722/78/718
f 728/84/724 725/81/721 724/80/720
f 732/88/728 722/78/718 727/83/723
f 733/89/729 734/90/730 735/91/731
f 735/91/731 734/90/730 721/77/717
f 724/80/720 721/77/717 734/90/730
f 723/79/719 722/78/718 736/92/732
f 736/92/732 722/78/718 732/88/728
f 737/77/733 738/78/734 739/79/735
f 738/78/734 737/77/733 740/80/736
f 738/78/734 740/80/736 741/81/737
f 741/81/737 742/82/738 743/83/739
f 741/81/737 744/84/740 742/82/738
f 743/83/739 742/82/738 745/85/741
f 746/86/742 745/85/741 742/82/738
f 747/87/743 742/82/738 744/84/740
f 741/81/737 743/83/739 738/78/734
f 744/84/740 741/81/737 740/80/736
f 748/88/744 738/78/734 743/83/739
f 749/89/745 750/90/746 751/91/747
f 751/91/747 750/90/746 737/77/733
f 740/80/736 737/77/733 750/90/746
f 739/79/735 738/78/734 752/92/748
f 752/92/748 738/78/734 748/88/744
f 753/93/749 754/94/750 755/95/751
f 756/96/752 757/97/753 758/98/754
f 759/99/755 760/100/756 756/96/752
f 761/101/757 760/100/756 762/102/758
f 763/103/759 757/97/753 761/101/757
f 754/94/750 757/97/753 763/103/759
f 764/104/760 754/94/750 763/103/759
f 755/95/751 754/94/750 764/104/760
f 754/94/750 758/98/754 757/97/753
f 757/97/753 756/96/752 760/100/756
f 760/100/756 765/105/761 762/102/758
f 758/98/754 754/94/750 753/93/749
f 760/100/756 759/99/755 765/105/761
f 766/106/762 765/105/761 759/99/755
f 767/107/763 762/102/758 765/105/761
f 757/97/753 760/100/756 761/101/757
f 768/133/764 769/134/765 770/135/766
f 771/136/767 769/134/765 772/137/768
f 769/134/765 771/136/767 773/138/769
f 774/139/770 775/140/771 773/138/769
f 774/139/770 773/138/769 776/141/772
f 777/142/773 775/140/771 774/139/770
f 769/134/765 773/138/769 778/143/774
f 779/144/775 769/134/765 768/133/764
f 772/137/768 769/134/765 779/144/775
f 770/135/766 769/134/765 780/145/776
f 780/145/776 769/134/765 778/143/774
f 778/143/774 773/138/769 781/146/777
f 781/146/777 773/138/769 782/140/778
f 776/141/772 773/138/769 771/136/767
f 783/108/779 784/109/780 785/110/781
f 786/111/782 787/112/783 784/109/780
f 788/113/784 789/114/785 786/111/782
f 790/115/786 786/111/782 783/108/779
f 788/113/784 786/111/782 790/115/786
f 787/112/783 786/111/782 789/114/785
f 786/111/782 784/109/780 783/108/779
f 791/116/787 784/109/780 787/112/783
f 792/117/788 791/116/787 793/118/789
f 794/119/790 785/110/781 792/117/788
f 784/109/780 792/117/788 785/110/781
f 784/109/780 791/116/787 792/117/788
f 795/93/791 796/94/792 797/95/793
f 798/96/794 799/97/795 800/98/796
f 801/99/797 802/100/798 798/96/794
f 803/101/799 802/100/798 804/102/800
f 805/103/801 799/97/795 803/101/799
f 796/94/792 799/97/795 805/103/801
f 806/104/802 796/94/792 805/103/801
f 797/95/793 796/94/792 806/104/802
f 796/94/792 800/98/796 799/97/795
f 799/97/795 798/96/794 802/100/798
f 802/100/798 807/105/803 804/102/800
f 800/98/796 796/94/792 795/93/791
f 802/100/798 801/99/797 807/105/803
f 808/106/804 807/105/803 801/99/797
f 809/107/805 804/102/800 807/105/803
f 799/97/795 802/100/798 803/101/799
f 810/108/806 811/109/807 812/110/808
f 813/111/809 814/112/810 811/109/807
f 815/113/811 816/114/812 813/111/809
f 817/115/813 813/111/809 810/108/806
f 815/113/811 813/111/809 817/115/813
f 814/112/810 813/111/809 816/114/812
f 813/111/809 811/109/807 810/108/806
f 818/116/814 811/109/807 814/112/810
f 819/117/815 818/116/814 820/118/816
f 821/119/817 812/110/808 819/117/815
f 811/109/807 819/117/815 812/110/808
f 811/109/807 818/116/814 819/117/815
f 822/120/818 823/121/819 824/122/820
f 825/123/821 823/121/819 826/124/822
f 827/125/823 823/121/819 828/126/824
f 829/127/825 827/125/823 830/128/826
f 826/124/822 827/125/823 831/129/827
f 832/130/828 823/121/819 833/131/829
f 834/132/830 823/121/819 822/120/818
f 825/123/821 824/122/820 823/121/819
f 833/131/829 823/121/819 834/132/830
f 828/126/824 823/121/819 832/130/828
f 830/128/826 827/125/823 828/126/824
f 829/127/825 831/129/827 827/125/823
f 827/125/823 826/124/822 823/121/819
f 835/108/831 836/109/832 837/110/833
f 838/111/834 839/112/835 836/109/832
f 840/113/836 841/114/837 838/111/834
f 842/115/838 838/111/834 835/108/831
f 840/113/836 838/111/834 842/115/838
f 839/112/835 838/111/834 841/114/837
f 838/111/834 836/109/832 835/108/831
f 843/116/839 836/109/832 839/112/835
f 844/117/840 843/116/839 845/118/841
f 846/119/842 837/110/833 844/117/840
f 836/109/832 844/117/840 837/110/833
f 836/109/832 843/116/839 844/117/840
f 847/77/843 848/78/844 849/79/845
f 848/78/844 847/77/843 850/80/846
f 848/78/844 850/80/846 851/81/847
f 851/81/847 852/82/848 853/83/849
f 851/81/847 854/84/850 852/82/848
f 853/83/849 852/82/848 855/85/851
f 856/86/852 855/85/851 852/82/848
f 857/87/853 852/82/848 854/84/850
f 851/81/847 853/83/849 848/78/844
f 854/84/850 851/81/847 850/80/846
f 858/88/854 848/78/844 853/83/849
f 859/89/855 860/90/856 861/91/857
f 861/91/857 860/90/856 847/77/843
f 850/80/846 847/77/843 860/90/856
f 849/79/845 848/78/844 862/92/858
f 862/92/858 848/78/844 858/88/854
f 863/133/859 864/134/860 865/135/861
f 866/136/862 864/134/860 867/137/863
f 864/134/860 866/136/862 868/138/864
f 869/139/865 870/140/866 868/138/864
f 869/139/865 868/138/864 871/141/867
f 872/142/868 870/140/866 869/139/865
f 864/134/860 868/138/864 873/143/869
f 874/144/870 864/134/860 863/133/859
f 867/137/863 864/134/860 874/144/870
f 865/135/861 864/134/860 875/145/871
f 875/145/871 864/134/860 873/143/869
f 873/143/869 868/138/864 876/146/872
f 876/146/872 868/138/864 877/140/873
f 871/141/867 868/138/864 866/136/862
f 878/93/874 879/94/875 880/95/876
f 881/96/877 882/97/878 883/98/879
f 884/99/880 885/100/881 881/96/877
f 886/101/882 885/100/881 887/102/883
f 888/103/884 882/97/878 886/101/882
f 879/94/875 882/97/878 888/103/884
f 889/104/885 879/94/875 888/103/884
f 880/95/876 879/94/875 889/104/885
f 879/94/875 883/98/879 882/97/878
f 882/97/878 881/96/877 885/100/881
f 885/100/881 890/105/886 887/102/883
f 883/98/879 879/94/875 878/93/874
f 885/100/881 884/99/880 890/105/886
f 891/106/887 890/105/886 884/99/880
f 892/107/888 887/102/883 890/105/886
f 882/97/878 885/100/881 886/101/882
f 893/120/889 894/121/890 895/122/891
f 896/123/892 894/121/890 897/124/893
f 898/125/894 894/121/890 899/126/895
f 900/127/896 898/125/894 901/128/897
f 897/124/893 898/125/894 902/129/898
f 903/130/899 894/121/890 904/131/900
f 905/132/901 894/121/890 893/120/889
f 896/123/892 895/122/891 894/121/890
f 904/131/900 894/121/890 905/132/901
f 899/126/895 894/121/890 903/130/899
f 901/128/897 898/125/894 899/126/895
f 900/127/896 902/129/898 898/125/894
f 898/125/894 897/124/893 894/121/890
f 906/93/902 907/94/903 908/95/904
f 909/96/905 910/97/906 911/98/907
f 912/99/908 913/100/909 909/96/905
f 914/101/910 913/100/909 915/102/911
f 916/103/912 910/97/906 914/101/910
f 907/94/903 910/97/906 916/103/912
f 917/104/913 907/94/903 916/103/912
f 908/95/904 907/94/903 917/104/913
f 907/94/903 911/98/907 910/97/906
f 910/97/906 909/96/905 913/100/909
f 913/100/909 918/105/914 915/102/911
f 911/98/907 907/94/903 906/93/902
f 913/100/909 912/99/908 918/105/914
f 919/106/915 918/105/914 912/99/908
f 920/107/916 915/102/911 918/105/914
f 910/97/906 913/100/909 914/101/910
f 921/77/917 922/78/918 923/79/919
f 922/78/918 921/77/917 924/80/920
f 922/78/918 924/80/920 925/81/921
f 925/81/921 926/82/922 927/83/923
f 925/81/921 928/84/924 926/82/922
f 927/83/923 926/82/922 929/85/925
f 930/86/926 929/85/925 926/82/922
f 931/87/927 926/82/922 928/84/924
f 925/81/921 927/83/923 922/78/918
f 928/84/924 925/81/921 924/80/920
f 932/88/928 922/78/918 927/83/923
f 933/89/929 934/90/930 935/91/931
f 935/91/931 934/90/930 921/77/917
f 924/80/920 921/77/917 934/90/930
f 923/79/919 922/78/918 936/92/932
f 936/92/932 922/78/918 932/88/928
f 937/133/933 938/134/934 939/135/935
f 940/136/936 938/134/934 941/137/937
f 938/134/934 940/136/936 942/138/938
f 943/139/939 944/140/940 942/138/938
f 943/139/939 942/138/938 945/141/941
f 946/142/942 944/140/940 943/139/939
f 938/134/934 942/138/938 947/143/943
f 948/144/944 938/134/934 937/133/933
f 941/137/937 938/134/934 948/144/944
f 939/135/935 938/134/934 949/145/945
f 949/145/945 938/134/934 947/143/943
f 947/143/943 942/138/938 950/146/946
f 950/146/946 942/138/938 951/140/947
f 945/141/941 942/138/938 940/136/936
f 952/77/948 953/78/949 954/79/950
f 953/78/949 952/77/948 955/80/951
f 953/78/949 955/80/951 956/81/952
f 956/81/952 957/82/953 958/83/954
f 956/81/952 959/84/955 957/82/953
f 958/83/954 957/82/953 960/85/956
f 961/86/957 960/85/956 957/82/953
f 962/87/958 957/82/953 959/84/955
f 956/81/952 958/83/954 953/78/949
f 959/84/955 956/81/952 955/80/951
f 963/88/959 953/78/949 958/83/954
f 964/89/960 965/90/961 966/91/962
f 966/91/962 965/90/961 952/77/948
f 955/80/951 952/77/948 965/90/961
f 954/79/950 953/78/949 967/92/963
f 967/92/963 953/78/949 963/88/959
f 968/133/964 969/134/965 970/135/966
f 971/136/967 969/134/965 972/137/968
f 969/134/965 971/136/967 973/138/969
f 974/139/970 975/140/971 973/138/969
f 974/139/970 973/138/969 976/141/972
f 977/142/973 975/140/971 974/139/970
f 969/134/965 973/138/969 978/143/974
f 979/144/975 969/134/965 968/133/964
f 972/137/968 969/134/965 979/144/975
f 970/135/966 969/134/965 980/145/976
f 980/145/976 969/134/965 978/143/974
f 978/143/974 973/138/969 981/146/977
f 981/146/977 973/138/969 982/140/978
f 976/141/972 973/138/969 971/136/967
f 983/77/979 984/78/980 985/79/981
f 984/78/980 983/77/979 986/80/982
f 984/78/980 986/80/982 987/81/983
f 987/81/983 988/82/984 989/83/985
f 987/81/983 990/84/986 988/82/984
f 989/83/985 988/82/984 991/85/987
f 992/86/988 991/85/987 988/82/984
f 993/87/989 988/82/984 990/84/986
f 987/81/983 989/83/985 984/78/980
f 990/84/986 987/81/983 986/80/982
f 994/88/990 984/78/980 989/83/985
f 995/89/991 996/90/992 997/91/993
f 997/91/993 996/90/992 983/77/979
f 986/80/982 983/77/979 996/90/992
f 985/79/981 984/78/980 998/92/994
f 998/92/994 984/78/980 994/88/990
f 999/77/995 1000/78/996 1001/79/997
f 1000/78/996 999/77/995 1002/80/998
f 1000/78/996 1002/80/998 1003/81/999
f 1003/81/999 1004/82/1000 1005/83/1001
f 1003/81/999 1006/84/1002 1004/82/1000
f 1005/83/1001 1004/82/1000 1007/85/1003
f 1008/86/1004 1007/85/1003 1004/82/1000
f 1009/87/1005 1004/82/1000 1006/84/1002
f 1003/81/999 1005/83/1001 1000/78/996
f 1006/84/1002 1003/81/999 1002/80/998
f 1010/88/1006 1000/78/996 1005/83/1001
f 1011/89/1007 1012/90/1008 1013/91/1009
f 1013/91/1009 1012/90/1008 999/77/995
f 1002/80/998 999/77/995 1012/90/1008
f 1001/79/997 1000/78/996 1014/92/1010
f 1014/92/1010 1000/78/996 1010/88/1006
f 1015/120/1011 1016/121/1012 1017/122/1013
f 1018/123/1014 1016/121/1012 1019/124/1015
f 1020/125/1016 1016/121/1012 1021/126/1017
f 1022/127/1018 1020/125/1016 1023/128/1019
f 1019/124/1015 1020/125/1016 1024/129/1020
f 1025/130/1021 1016/121/1012 1026/131/1022
f 1027/132/1023 1016/121/1012 1015/120/1011
f 1018/123/1014 1017/122/1013 1016/121/1012
f 1026/131/1022 1016/121/1012 1027/132/1023
f 1021/126/1017 1016/121/1012 1025/130/1021
f 1023/128/1019 1020/125/1016 1021/126/1017
f 1022/127/1018 1024/129/1020 1020/125/1016
f 1020/125/1016 1019/124/1015 1016/121/1012
f 1028/108/1024 1029/109/1025 1030/110/1026
f 1031/111/1027 1032/112/1028 1029/109/1025
f 1033/113/1029 1034/114/1030 1031/111/1027
f 1035/115/1031 1031/111/1027 1028/108/1024
f 1033/113/1029 1031/111/1027 1035/115/1031
f 1032/112/1028 1031/111/1027 1034/114/1030
f 1031/111/1027 1029/109/1025 1028/108/1024
f 1036/116/1032 1029/109/1025 1032/112/1028
f 1037/117/1033 1036/116/1032 1038/118/1034
f 1039/119/1035 1030/110/1026 1037/117/1033
f 1029/109/1025 1037/117/1033 1030/110/1026
f 1029/109/1025 1036/116/1032 1037/117/1033
f 1040/133/1036 1041/134/1037 1042/135/1038
f 1043/136/1039 1041/134/1037 1044/137/1040
f 1041/134/1037 1043/136/1039 1045/138/1041
f 1046/139/1042 1047/140/1043 1045/138/1041
f 1046/139/1042 1045/138/1041 1048/141/1044
f 1049/142/1045 1047/140/1043 1046/139/1042
f 1041/134/1037 1045/138/1041 1050/143/1046
f 1051/144/1047 1041/134/1037 1040/133/1036
f 1044/137/1040 1041/134/1037 1051/144/1047
f 1042/135/1038 1041/134/1037 1052/145/1048
f 1052/145/1048 1041/134/1037 1050/143/1046
f 1050/143/1046 1045/138/1041 1053/146/1049
f 1053/146/1049 1045/138/1041 1054/140/1050
f 1048/141/1044 1045/138/1041 1043/136/1039
f 1055/108/1051 1056/109/1052 1057/110/1053
f 1058/111/1054 1059/112/1055 1056/109/1052
f 1060/113/1056 1061/114/1057 1058/111/1054
f 1062/115/1058 1058/111/1054 1055/108/1051
f 1060/113/1056 1058/111/1054 1062/115/1058
f 1059/112/1055 1058/111/1054 1061/114/1057
f 1058/111/1054 1056/109/1052 1055/108/1051
f 1063/116/1059 1056/109/1052 1059/112/1055
f 1064/117/1060 1063/116/1059 1065/118/1061
f 1066/119/1062 1057/110/1053 1064/117/1060
f 1056/109/1052 1064/117/1060 1057/110/1053
f 1056/109/1052 1063/116/1059 1064/117/1060
f 1067/133/1063 1068/134/1064 1069/135/1065
f 1070/136/1066 1068/134/1064 1071/137/1067
f 1068/134/1064 1070/136/1066 1072/138/1068
f 1073/139/1069 1074/140/1070 1072/138/1068
f 1073/139/1069 1072/138/1068 1075/141/1071
f 1076/142/1072 1074/140/1070 1073/139/1069
f 1068/134/1064 1072/138/1068 1077/143/1073
f 1078/144/1074 1068/134/1064 1067/133/1063
f 1071/137/1067 1068/134/1064 1078/144/1074
f 1069/135/1065 1068/134/1064 1079/145/1075
f 1079/145/1075 1068/134/1064 1077/143/1073
f 1077/143/1073 1072/138/1068 1080/146/1076
f 1080/146/1076 1072/138/1068 1081/140/1077
f 1075/141/1071 1072/138/1068 1070/136/1066
f 1082/77/1078 1083/78/1079 1084/79/1080
f 1083/78/1079 1082/77/1078 1085/80/1081
f 1083/78/1079 1085/80/1081 1086/81/1082
f 1086/81/1082 1087/82/1083 1088/83/1084
f 1086/81/1082 1089/84/1085 1087/82/1083
f 1088/83/1084 1087/82/1083 1090/85/1086
f 1091/86/1087 1090/85/1086 1087/82/1083
f 1092/87/1088 1087/82/1083 1089/84/1085
f 1086/81/1082 1088/83/1084 1083/78/1079
f 1089/84/1085 1086/81/1082 1085/80/1081
f 1093/88/1089 1083/78/1079 1088/83/1084
f 1094/89/1090 1095/90/1091 1096/91/1092
f 1096/91/1092 1095/90/1091 1082/77/1078
f 1085/80/1081 1082/77/1078 1095/90/1091
f 1084/79/1080 1083/78/1079 1097/92/1093
f 1097/92/1093 1083/78/1079 1093/88/1089
f 1098/93/1094 1099/94/1095 1100/95/1096
f 1101/96/1097 1102/97/1098 1103/98/1099
f 1104/99/1100 1105/100/1101 1101/96/1097
f 1106/101/1102 1105/100/1101 1107/102/1103
f 1108/103/1104 1102/97/1098 1106/101/1102
f 1099/94/1095 1102/97/1098 1108/103/1104
f 1109/104/1105 1099/94/1095 1108/103/1104
f 1100/95/1096 1099/94/1095 1109/104/1105
f 1099/94/1095 1103/98/1099 1102/97/1098
f 1102/97/1098 1101/96/1097 1105/100/1101
f 1105/100/1101 1110/105/1106 1107/102/1103
f 1103/98/1099 1099/94/1095 1098/93/1094
f 1105/100/1101 1104/99/1100 1110/105/1106
f 1111/106/1107 1110/105/1106 1104/99/1100
f 1112/107/1108 1107/102/1103 1110/105/1106
f 1102/97/1098 1105/100/1101 1106/101/1102
f 1113/93/1109 1114/94/1110 1115/95/1111
f 1116/96/1112 1117/97/1113 1118/98/1114
f 1119/99/1115 1120/100/1116 1116/96/1112
f 1121/101/1117 1120/100/1116 1122/102/1118
f 1123/103/1119 1117/97/1113 1121/101/1117
f 1114/94/1110 1117/97/1113 1123/103/1119
f 1124/104/1120 1114/94/1110 1123/103/1119
f 1115/95/1111 1114/94/1110 1124/104/1120
f 1114/94/1110 1118/98/1114 1117/97/1113
f 1117/97/1113 1116/96/1112 1120/100/1116
f 1120/100/1116 1125/105/1121 1122/102/1118
f 1118/98/1114 1114/94/1110 1113/93/1109
f 1120/100/1116 1119/99/1115 1125/105/1121
f 1126/106/1122 1125/105/1121 1119/99/1115
f 1127/107/1123 1122/102/1118 1125/105/1121
f 1117/97/1113 1120/100/1116 1121/101/1117
f 1128/133/1124 1129/134/1125 1130/135/1126
f 1131/136/1127 1129/134/1125 1132/137/1128
f 1129/134/1125 1131/136/1127 1133/138/1129
f 1134/139/1130 1135/140/1131 1133/138/1129
f 1134/139/1130 1133/138/1129 1136/141/1132
f 1137/142/1133 1135/140/1131 1134/139/1130
f 1129/134/1125 1133/138/1129 1138/143/1134
f 1139/144/1135 1129/134/1125 1128/133/1124
f 1132/137/1128 1129/134/1125 1139/144/1135
f 1130/135/1126 1129/134/1125 1140/145/1136
f 1140/145/1136 1129/134/1125 1138/143/1134
f 1138/143/1134 1133/138/1129 1141/146/1137
f 1141/146/1137 1133/138/1129 1142/140/1138
f 1136/141/1132 1133/138/1129 1131/136/1127
f 1143/133/1139 1144/134/1140 1145/135/1141
f 1146/136/1142 1144/134/1140 1147/137/1143
f 1144/134/1140 1146/136/1142 1148/138/1144
f 1149/139/1145 1150/140/1146 1148/138/1144
f 1149/139/1145 1148/138/1144 1151/141/1147
f 1152/142/1148 1150/140/1146 1149/139/1145
f 1144/134/1140 1148/138/1144 1153/143/1149
f 1154/144/1150 1144/134/1140 1143/133/1139
f 1147/137/1143 1144/134/1140 1154/144/1150
f 1145/135/1141 1144/134/1140 1155/145/1151
f 1155/145/1151 1144/134/1140 1153/143/1149
f 1153/143/1149 1148/138/1144 1156/146/1152
f 1156/146/1152 1148/138/1144 1157/140/1153
f 1151/141/1147 1148/138/1144 1146/136/1142
f 1158/108/1154 1159/109/1155 1160/110/1156
f 1161/111/1157 1162/112/1158 1159/109/1155
f 1163/113/1159 1164/114/1160 1161/111/1157
f 1165/115/1161 1161/111/1157 1158/108/1154
f 1163/113/1159 1161/111/1157 1165/115/1161
f 1162/112/1158 1161/111/1157 1164/114/1160
f 1161/111/1157 1159/109/1155 1158/108/1154
f 1166/116/1162 1159/109/1155 1162/112/1158
f 1167/117/1163 1166/116/1162 1168/118/1164
f 1169/119/1165 1160/110/1156 1167/117/1163
f 1159/109/1155 1167/117/1163 1160/110/1156
f 1159/109/1155 1166/116/1162 1167/117/1163
f 1170/93/1166 1171/94/1167 1172/95/1168
f 1173/96/1169 1174/97/1170 1175/98/1171
f 1176/99/1172 1177/100/1173 1173/96/1169
f 1178/101/1174 1177/100/1173 1179/102/1175
f 1180/103/1176 1174/97/1170 1178/101/1174
f 1171/94/1167 1174/97/1170 1180/103/1176
f 1181/104/1177 1171/94/1167 1180/103/1176
f 1172/95/1168 1171/94/1167 1181/104/1177
f 1171/94/1167 1175/98/1171 1174/97/1170
f 1174/97/1170 1173/96/1169 1177/100/1173
f 1177/100/1173 1182/105/1178 1179/102/1175
f 1175/98/1171 1171/94/1167 1170/93/1166
f 1177/100/1173 1176/99/1172 1182/105/1178
f 1183/106/1179 1182/105/1178 1176/99/1172
f 1184/107/1180 1179/102/1175 1182/105/1178
f 1174/97/1170 1177/100/1173 1178/101/1174
f 1185/120/1181 1186/121/1182 1187/122/1183
f 1188/123/1184 1186/121/1182 1189/124/1185
f 1190/125/1186 1186/121/1182 1191/126/1187
f 1192/127/1188 1190/125/1186 1193/128/1189
f 1189/124/1185 1190/125/1186 1194/129/1190
f 1195/130/1191 1186/121/1182 1196/131/1192
f 1197/132/1193 1186/121/1182 1185/120/1181
f 1188/123/1184 1187/122/1183 1186/121/1182
f 1196/131/1192 1186/121/1182 1197/132/1193
f 1191/126/1187 1186/121/1182 1195/130/1191
f 1193/128/1189 1190/125/1186 1191/126/1187
f 1192/127/1188 1194/129/1190 1190/125/1186
f 1190/125/1186 1189/124/1185 1186/121/1182
f 1198/108/1194 1199/109/1195 1200/110/1196
f 1201/111/1197 1202/112/1198 1199/109/1195
f 1203/113/1199 1204/114/1200 1201/111/1197
f 1205/115/1201 1201/111/1197 1198/108/1194
f 1203/113/1199 1201/111/1197 1205/115/1201
f 1202/112/1198 1201/111/1197 1204/114/1200
f 1201/111/1197 1199/109/1195 1198/108/1194
f 1206/116/1202 1199/109/1195 1202/112/1198
f 1207/117/1203 1206/116/1202 1208/118/1204
f 1209/119/1205 1200/110/1196 1207/117/1203
f 1199/109/1195 1207/117/1203 1200/110/1196
f 1199/109/1195 1206/116/1202 1207/117/1203
f 1210/108/1206 1211/109/1207 1212/110/1208
f 1213/111/1209 1214/112/1210 1211/109/1207
f 1215/113/1211 1216/114/1212 1213/111/1209
f 1217/115/1213 1213/111/1209 1210/108/1206
f 1215/113/1211 1213/111/1209 1217/115/1213
f 1214/112/1210 1213/111/1209 1216/114/1212
f 1213/111/1209 1211/109/1207 1210/108/1206
f 1218/116/1214 1211/109/1207 1214/112/1210
f 1219/117/1215 1218/116/1214 1220/118/1216
f 1221/119/1217 1212/110/1208 1219/117/1215
f 1211/109/1207 1219/117/1215 1212/110/1208
f 1211/109/1207 1218/116/1214 1219/117/1215
f 1222/120/1218 1223/121/1219 1224/122/1220
f 1225/123/1221 1223/121/1219 1226/124/1222
f 1227/125/1223 1223/121/1219 1228/126/1224
f 1229/127/1225 1227/125/1223 1230/128/1226
f 1226/124/1222 1227/125/1223 1231/129/1227
f 1232/130/1228 1223/121/1219 1233/131/1229
f 1234/132/1230 1223/121/1219 1222/120/1218
f 1225/123/1221 1224/122/1220 1223/121/1219
f 1233/131/1229 1223/121/1219 1234/132/1230
f 1228/126/1224 1223/121/1219 1232/130/1228
f 1230/128/1226 1227/125/1223 1228/126/1224
f 1229/127/1225 1231/129/1227 1227/125/1223
f 1227/125/1223 1226/124/1222 1223/121/1219
f 1235/77/1231 1236/78/1232 1237/79/1233
f 1236/78/1232 1235/77/1231 1238/80/1234
f 1236/78/1232 1238/80/1234 1239/81/1235
f 1239/81/1235 1240/82/1236 1241/83/1237
f 1239/81/1235 1242/84/1238 1240/82/1236
f 1241/83/1237 1240/82/1236 1243/85/1239
f 1244/86/1240 1243/85/1239 1240/82/1236
f 1245/87/1241 1240/82/1236 1242/84/1238
f 1239/81/1235 1241/83/1237 1236/78/1232
f 1242/84/1238 1239/81/1235 1238/80/1234
f 1246/88/1242 1236/78/1232 1241/83/1237
f 1247/89/1243 1248/90/1244 1249/91/1245
f 1249/91/1245 1248/90/1244 1235/77/1231
f 1238/80/1234 1235/77/1231 1248/90/1244
f 1237/79/1233 1236/78/1232 1250/92/1246
f 1250/92/1246 1236/78/1232 1246/88/1242
f 1251/108/1247 1252/109/1248 1253/110/1249
f 1254/111/1250 1255/112/1251 1252/109/1248
f 1256/113/1252 1257/114/1253 1254/111/1250
f 1258/115/1254 1254/111/1250 1251/108/1247
f 1256/113/1252 1254/111/1250 1258/115/1254
f 1255/112/1251 1254/111/1250 1257/114/1253
f 1254/111/1250 1252/109/1248 1251/108/1247
f 1259/116/1255 1252/109/1248 1255/112/1251
f 1260/117/1256 1259/116/1255 1261/118/1257
f 1262/119/1258 1253/110/1249 1260/117/1256
f 1252/109/1248 1260/117/1256 1253/110/1249
f 1252/109/1248 1259/116/1255 1260/117/1256
f 1263/77/1259 1264/78/1260 1265/79/1261
f 1264/78/1260 1263/77/1259 1266/80/1262
f 1264/78/1260 1266/80/1262 1267/81/1263
f 1267/81/1263 1268/82/1264 1269/83/1265
f 1267/81/1263 1270/84/1266 1268/82/1264
f 1269/83/1265 1268/82/1264 1271/85/1267
f 1272/86/1268 1271/85/1267 1268/82/1264
f 1273/87/1269 1268/82/1264 1270/84/1266
f 1267/81/1263 1269/83/1265 1264/78/1260
f 1270/84/1266 1267/81/1263 1266/80/1262
f 1274/88/1270 1264/78/1260 1269/83/1265
f 1275/89/1271 1276/90/1272 1277/91/1273
f 1277/91/1273 1276/90/1272 1263/77/1259
f 1266/80/1262 1263/77/1259 1276/90/1272
f 1265/79/1261 1264/78/1260 1278/92/1274
f 1278/92/1274 1264/78/1260 1274/88/1270
f 1279/133/1275 1280/134/1276 1281/135/1277
f 1282/136/1278 1280/134/1276 1283/137/1279
f 1280/134/1276 1282/136/1278 1284/138/1280
f 1285/139/1281 1286/140/1282 1284/138/1280
f 1285/139/1281 1284/138/1280 1287/141/1283
f 1288/142/1284 1286/140/1282 1285/139/1281
f 1280/134/1276 1284/138/1280 1289/143/1285
f 1290/144/1286 1280/134/1276 1279/133/1275
f 1283/137/1279 1280/134/1276 1290/144/1286
f 1281/135/1277 1280/134/1276 1291/145/1287
f 1291/145/1287 1280/134/1276 1289/143/1285
f 1289/143/1285 1284/138/1280 1292/146/1288
f 1292/146/1288 1284/138/1280 1293/140/1289
f 1287/141/1283 1284/138/1280 1282/136/1278
f 1294/93/1290 1295/94/1291 1296/95/1292
f 1297/96/1293 1298/97/1294 1299/98/1295
f 1300/99/1296 1301/100/1297 1297/96/1293
f 1302/101/1298 1301/100/1297 1303/102/1299
f 1304/103/1300 1298/97/1294 1302/101/1298
f 1295/94/1291 1298/97/1294 1304/103/1300
f 1305/104/1301 1295/94/1291 1304/103/1300
f 1296/95/1292 1295/94/1291 1305/104/1301
f 1295/94/1291 1299/98/1295 1298/97/1294
f 1298/97/1294 1297/96/1293 1301/100/1297
f 1301/100/1297 1306/105/1302 1303/102/1299
f 1299/98/1295 1295/94/1291 1294/93/1290
f 1301/100/1297 1300/99/1296 1306/105/1302
f 1307/106/1303 1306/105/1302 1300/99/1296
f 1308/107/1304 1303/102/1299 1306/105/1302
f 1298/97/1294 1301/100/1297 1302/101/1298
f 1309/133/1305 1310/134/1306 1311/135/1307
f 1312/136/1308 1310/134/1306 1313/137/1309
f 1310/134/1306 1312/136/1308 1314/138/1310
f 1315/139/1311 1316/140/1312 1314/138/1310
f 1315/139/1311 1314/138/1310 1317/141/1313
f 1318/142/1314 1316/140/1312 1315/139/1311
f 1310/134/1306 1314/138/1310 1319/143/1315
f 1320/144/1316 1310/134/1306 1309/133/1305
f 1313/137/1309 1310/134/1306 1320/144/1316
f 1311/135/1307 1310/134/1306 1321/145/1317
f 1321/145/1317 1310/134/1306 1319/143/1315
f 1319/143/1315 1314/138/1310 1322/146/1318
f 1322/146/1318 1314/138/1310 1323/140/1319
f 1317/141/1313 1314/138/1310 1312/136/1308
f 1324/77/1320 1325/78/1321 1326/79/1322
f 1325/78/1321 1324/77/1320 1327/80/1323
f 1325/78/1321 1327/80/1323 1328/81/1324
f 1328/81/1324 1329/82/1325 1330/83/1326
f 1328/81/1324 1331/84/1327 1329/82/1325
f 1330/83/1326 1329/82/1325 1332/85/1328
f 1333/86/1329 1332/85/1328 1329/82/1325
f 1334/87/1330 1329/82/1325 1331/84/1327
f 1328/81/1324 1330/83/1326 1325/78/1321
f 1331/84/1327 1328/81/1324 1327/80/1323
f 1335/88/1331 1325/78/1321 1330/83/1326
f 1336/89/1332 1337/90/1333 1338/91/1334
f 1338/91/1334 1337/90/1333 1324/77/1320
f 1327/80/1323 1324/77/1320 1337/90/1333
f 1326/79/1322 1325/78/1321 1339/92/1335
f 1339/92/1335 1325/78/1321 1335/88/1331
f 1340/77/1336 1341/78/1337 1342/79/1338
f 1341/78/1337 1340/77/1336 1343/80/1339
f 1341/78/1337 1343/80/1339 1344/81/1340
f 1344/81/1340 1345/82/1341 1346/83/1342
f 1344/81/1340 1347/84/1343 1345/82/1341
f 1346/83/1342 1345/82/1341 1348/85/1344
f 1349/86/1345 1348/85/1344 1345/82/1341
f 1350/87/1346 1345/82/1341 1347/84/1343
f 1344/81/1340 1346/83/1342 1341/78/1337
f 1347/84/1343 1344/81/1340 1343/80/1339
f 1351/88/1347 1341/78/1337 1346/83/1342
f 1352/89/1348 1353/90/1349 1354/91/1350
f 1354/91/1350 1353/90/1349 1340/77/1336
f 1343/80/1339 1340/77/1336 1353/90/1349
f 1342/79/1338 1341/78/1337 1355/92/1351
f 1355/92/1351 1341/78/1337 1351/88/1347
f 1356/108/1352 1357/109/1353 1358/110/1354
f 1359/111/1355 1360/112/1356 1357/109/1353
f 1361/113/1357 1362/114/1358 1359/111/1355
f 1363/115/1359 1359/111/1355 1356/108/1352
f 1361/113/1357 1359/111/1355 1363/115/1359
f 1360/112/1356 1359/111/1355 1362/114/1358
f 1359/111/1355 1357/109/1353 1356/108/1352
f 1364/116/1360 1357/109/1353 1360/112/1356
f 1365/117/1361 1364/116/1360 1366/118/1362
f 1367/119/1363 1358/110/1354 1365/117/1361
f 1357/109/1353 1365/117/1361 1358/110/1354
f 1357/109/1353 1364/116/1360 1365/117/1361
f 1368/108/1364 1369/109/1365 1370/110/1366
f 1371/111/1367 1372/112/1368 1369/109/1365
f 1373/113/1369 1374/114/1370 1371/111/1367
f 1375/115/1371 1371/111/1367 1368/108/1364
f 1373/113/1369 1371/111/1367 1375/115/1371
f 1372/112/1368 1371/111/1367 1374/114/1370
f 1371/111/1367 1369/109/1365 1368/108/1364
f 1376/116/1372 1369/109/1365 1372/112/1368
f 1377/117/1373 1376/116/1372 1378/118/1374
f 1379/119/1375 1370/110/1366 1377/117/1373
f 1369/109/1365 1377/117/1373 1370/110/1366
f 1369/109/1365 1376/116/1372 1377/117/1373
f 1380/108/1376 1381/109/1377 1382/110/1378
f 1383/111/1379 1384/112/1380 1381/109/1377
f 1385/113/1381 1386/114/1382 1383/111/1379
f 1387/115/1383 1383/111/1379 1380/108/1376
f 1385/113/1381 1383/111/1379 1387/115/1383
f 1384/112/1380 1383/111/1379 1386/114/1382
f 1383/111/1379 1381/109/1377 1380/108/1376
f 1388/116/1384 1381/109/1377 1384/112/1380
f 1389/117/1385 1388/116/1384 1390/118/1386
f 1391/119/1387 1382/110/1378 1389/117/1385
f 1381/109/1377 1389/117/1385 1382/110/1378
f 1381/109/1377 1388/116/1384 1389/117/1385
f 1392/77/1388 1393/78/1389 1394/79/1390
f 1393/78/1389 1392/77/1388 1395/80/1391
f 1393/78/1389 1395/80/1391 1396/81/1392
f 1396/81/1392 1397/82/1393 1398/83/1394
f 1396/81/1392 1399/84/1395 1397/82/1393
f 1398/83/1394 1397/82/1393 1400/85/1396
f 1401/86/1397 1400/85/1396 1397/82/1393
f 1402/87/1398 1397/82/1393 1399/84/1395
f 1396/81/1392 1398/83/1394 1393/78/1389
f 1399/84/1395 1396/81/1392 1395/80/1391
f 1403/88/1399 1393/78/1389 1398/83/1394
f 1404/89/1400 1405/90/1401 1406/91/1402
f 1406/91/1402 1405/90/1401 1392/77/1388
f 1395/80/1391 1392/77/1388 1405/90/1401
f 1394/79/1390 1393/78/1389 1407/92/1403
f 1407/92/1403 1393/78/1389 1403/88/1399
f 1408/108/1404 1409/109/1405 1410/110/1406
f 1411/111/1407 1412/112/1408 1409/109/1405
f 1413/113/1409 1414/114/1410 1411/111/1407
f 1415/115/1411 1411/111/1407 1408/108/1404
f 1413/113/1409 1411/111/1407 1415/115/1411
f 1412/112/1408 1411/111/1407 1414/114/1410
f 1411/111/1407 1409/109/1405 1408/108/1404
f 1416/116/1412 1409/109/1405 1412/112/1408
f 1417/117/1413 1416/116/1412 1418/118/1414
f 1419/119/1415 1410/110/1406 1417/117/1413
f 1409/109/1405 1417/117/1413 1410/110/1406
f 1409/109/1405 1416/116/1412 1417/117/1413
f 1420/108/1416 1421/109/1417 1422/110/1418
f 1423/111/1419 1424/112/1420 1421/109/1417
f 1425/113/1421 1426/114/1422 1423/111/1419
f 1427/115/1423 1423/111/1419 1420/108/1416
f 1425/113/1421 1423/111/1419 1427/115/1423
f 1424/112/1420 1423/111/1419 1426/114/1422
f 1423/111/1419 1421/109/1417 1420/108/1416
f 1428/116/1424 1421/109/1417 1424/112/1420
f 1429/117/1425 1428/116/1424 1430/118/1426
f 1431/119/1427 1422/110/1418 1429/117/1425
f 1421/109/1417 1429/117/1425 1422/110/1418
f 1421/109/1417 1428/116/1424 1429/117/1425
f 1432/93/1428 1433/94/1429 1434/95/1430
f 1435/96/1431 1436/97/1432 1437/98/1433
f 1438/99/1434 1439/100/1435 1435/96/1431
f 1440/101/1436 1439/100/1435 1441/102/1437
f 1442/103/1438 1436/97/1432 1440/101/1436
f 1433/94/1429 1436/97/1432 1442/103/1438
f 1443/104/1439 1433/94/1429 1442/103/1438
f 1434/95/1430 1433/94/1429 1443/104/1439
f 1433/94/1429 1437/98/1433 1436/97/1432
f 1436/97/1432 1435/96/1431 1439/100/1435
f 1439/100/1435 1444/105/1440 1441/102/1437
f 1437/98/1433 1433/94/1429 1432/93/1428
f 1439/100/1435 1438/99/1434 1444/105/1440
f 1445/106/1441 1444/105/1440 1438/99/1434
f 1446/107/1442 1441/102/1437 1444/105/1440
f 1436/97/1432 1439/100/1435 1440/101/1436
f 1447/108/1443 1448/109/1444 1449/110/1445
f 1450/111/1446 1451/112/1447 1448/109/1444
f 1452/113/1448 1453/114/1449 1450/111/1446
f 1454/115/1450 1450/111/1446 1447/108/1443
f 1452/113/1448 1450/111/1446 1454/115/1450
f 1451/112/1447 1450/111/1446 1453/114/1449
f 1450/111/1446 1448/109/1444 1447/108/1443
f 1455/116/1451 1448/109/1444 1451/112/1447
f 1456/117/1452 1455/116/1451 1457/118/1453
f 1458/119/1454 1449/110/1445 1456/117/1452
f 1448/109/1444 1456/117/1452 1449/110/1445
f 1448/109/1444 1455/116/1451 1456/117/1452
f 1459/93/1455 1460/94/1456 1461/95/1457
f 1462/96/1458 1463/97/1459 1464/98/1460
f 1465/99/1461 1466/100/1462 1462/96/1458
f 1467/101/1463 1466/100/1462 1468/102/1464
f 1469/103/1465 1463/97/1459 1467/101/1463
f 1460/94/1456 1463/97/1459 1469/103/1465
f 1470/104/1466 1460/94/1456 1469/103/1465
f 1461/95/1457 1460/94/1456 1470/104/1466
f 1460/94/1456 1464/98/1460 1463/97/1459
f 1463/97/1459 1462/96/1458 1466/100/1462
f 1466/100/1462 1471/105/1467 1468/102/1464
f 1464/98/1460 1460/94/1456 1459/93/1455
f 1466/100/1462 1465/99/1461 1471/105/1467
f 1472/106/1468 1471/105/1467 1465/99/1461
f 1473/107/1469 1468/102/1464 1471/105/1467
f 1463/97/1459 1466/100/1462 1467/101/1463
f 1474/77/1470 1475/78/1471 1476/79/1472
f 1475/78/1471 1474/77/1470 1477/80/1473
f 1475/78/1471 1477/80/1473 1478/81/1474
f 1478/81/1474 1479/82/1475 1480/83/1476
f 1478/81/1474 1481/84/1477 1479/82/1475
f 1480/83/1476 1479/82/1475 1482/85/1478
f 1483/86/1479 1482/85/1478 1479/82/1475
f 1484/87/1480 1479/82/1475 1481/84/1477
f 1478/81/1474 1480/83/1476 1475/78/1471
f 1481/84/1477 1478/81/1474 1477/80/1473
f 1485/88/1481 1475/78/1471 1480/83/1476
f 1486/89/1482 1487/90/1483 1488/91/1484
f 1488/91/1484 1487/90/1483 1474/77/1470
f 1477/80/1473 1474/77/1470 1487/90/1483
f 1476/79/1472 1475/78/1471 1489/92/1485
f 1489/92/1485 1475/78/1471 1485/88/1481
f 1490/108/1486 1491/109/1487 1492/110/1488
f 1493/111/1489 1494/112/1490 1491/109/1487
f 1495/113/1491 1496/114/1492 1493/111/1489
f 1497/115/1493 1493/111/1489 1490/108/1486
f 1495/113/1491 1493/111/1489 1497/115/1493
f 1494/112/1490 1493/111/1489 1496/114/1492
f 1493/111/1489 1491/109/1487 1490/108/1486
f 1498/116/1494 1491/109/1487 1494/112/1490
f 1499/117/1495 1498/116/1494 1500/118/1496
f 1501/119/1497 1492/110/1488 1499/117/1495
f 1491/109/1487 1499/117/1495 1492/110/1488
f 1491/109/1487 1498/116/1494 1499/117/1495
f 1502/93/1498 1503/94/1499 1504/95/1500
f 1505/96/1501 1506/97/1502 1507/98/1503
f 1508/99/1504 1509/100/1505 1505/96/1501
f 1510/101/1506 1509/100/1505 1511/102/1507
f 1512/103/1508 1506/97/1502 1510/101/1506
f 1503/94/1499 1506/97/1502 1512/103/1508
f 1513/104/1509 1503/94/1499 1512/103/1508
f 1504/95/1500 1503/94/1499 1513/104/1509
f 1503/94/1499 1507/98/1503 1506/97/1502
f 1506/97/1502 1505/96/1501 1509/100/1505
f 1509/100/1505 1514/105/1510 1511/102/1507
f 1507/98/1503 1503/94/1499 1502/93/1498
f 1509/100/1505 1508/99/1504 1514/105/1510
f 1515/106/1511 1514/105/1510 1508/99/1504
f 1516/107/1512 1511/102/1507 1514/105/1510
f 1506/97/1502 1509/100/1505 1510/101/1506
f 1517/93/1513 1518/94/1514 1519/95/1515
f 1520/96/1516 1521/97/1517 1522/98/1518
f 1523/99/1519 1524/100/1520 1520/96/1516
f 1525/101/1521 1524/100/1520 1526/102/1522
f 1527/103/1523 1521/97/1517 1525/101/1521
f 1518/94/1514 1521/97/1517 1527/103/1523
f 1528/104/1524 1518/94/1514 1527/103/1523
f 1519/95/1515 1518/94/1514 1528/104/1524
f 1518/94/1514 1522/98/1518 1521/97/1517
f 1521/97/1517 1520/96/1516 1524/100/1520
f 1524/100/1520 1529/105/1525 1526/102/1522
f 1522/98/1518 1518/94/1514 1517/93/1513
f 1524/100/1520 1523/99/1519 1529/105/1525
f 1530/106/1526 1529/105/1525 1523/99/1519
f 1531/107/1527 1526/102/1522 1529/105/1525
f 1521/97/1517 1524/100/1520 1525/101/1521
f 1532/120/1528 1533/121/1529 1534/122/1530
f 1535/123/1531 1533/121/1529 1536/124/1532
f 1537/125/1533 1533/121/1529 1538/126/1534
f 1539/127/1535 1537/125/1533 1540/128/1536
f 1536/124/1532 1537/125/1533 1541/129/1537
f 1542/130/1538 1533/121/1529 1543/131/1539
f 1544/132/1540 1533/121/1529 1532/120/1528
f 1535/123/1531 1534/122/1530 1533/121/1529
f 1543/131/1539 1533/121/1529 1544/132/1540
f 1538/126/1534 1533/121/1529 1542/130/1538
f 1540/128/1536 1537/125/1533 1538/126/1534
f 1539/127/1535 1541/129/1537 1537/125/1533
f 1537/125/1533 1536/124/1532 1533/121/1529
f 1545/120/1541 1546/121/1542 1547/122/1543
f 1548/123/1544 1546/121/1542 1549/124/1545
f 1550/125/1546 1546/121/1542 1551/126/1547
f 1552/127/1548 1550/125/1546 1553/128/1549
f 1549/124/1545 1550/125/1546 1554/129/1550
f 1555/130/1551 1546/121/1542 1556/131/1552
f 1557/132/1553 1546/121/1542 1545/120/1541
f 1548/123/1544 1547/122/1543 1546/121/1542
f 1556/131/1552 1546/121/1542 1557/132/1553
f 1551/126/1547 1546/121/1542 1555/130/1551
f 1553/128/1549 1550/125/1546 1551/126/1547
f 1552/127/1548 1554/129/1550 1550/125/1546
f 1550/125/1546 1549/124/1545 1546/121/1542
f 1558/93/1554 1559/94/1555 1560/95/1556
f 1561/96/1557 1562/97/1558 1563/98/1559
f 1564/99/1560 1565/100/1561 1561/96/1557
f 1566/101/1562 1565/100/1561 1567/102/1563
f 1568/103/1564 1562/97/1558 1566/101/1562
f 1559/94/1555 1562/97/1558 1568/103/1564
f 1569/104/1565 1559/94/1555 1568/103/1564
f 1560/95/1556 1559/94/1555 1569/104/1565
f 1559/94/1555 1563/98/1559 1562/97/1558
f 1562/97/1558 1561/96/1557 1565/100/1561
f 1565/100/1561 1570/105/1566 1567/102/1563
f 1563/98/1559 1559/94/1555 1558/93/1554
f 1565/100/1561 1564/99/1560 1570/105/1566
f 1571/106/1567 1570/105/1566 1564/99/1560
f 1572/107/1568 1567/102/1563 1570/105/1566
f 1562/97/1558 1565/100/1561 1566/101/1562
f 1573/133/1569 1574/134/1570 1575/135/1571
f 1576/136/1572 1574/134/1570 1577/137/1573
f 1574/134/1570 1576/136/1572 1578/138/1574
f 1579/139/1575 1580/140/1576 1578/138/1574
f 1579/139/1575 1578/138/1574 1581/141/1577
f 1582/142/1578 1580/140/1576 1579/139/1575
f 1574/134/1570 1578/138/1574 1583/143/1579
f 1584/144/1580 1574/134/1570 1573/133/1569
f 1577/137/1573 1574/134/1570 1584/144/1580
f 1575/135/1571 1574/134/1570 1585/145/1581
f 1585/145/1581 1574/134/1570 1583/143/1579
f 1583/143/1579 1578/138/1574 1586/146/1582
f 1586/146/1582 1578/138/1574 1587/140/1583
f 1581/141/1577 1578/138/1574 1576/136/1572
f 1588/120/1584 1589/121/1585 1590/122/1586
f 1591/123/1587 1589/121/1585 1592/124/1588
f 1593/125/1589 1589/121/1585 1594/126/1590
f 1595/127/1591 1593/125/1589 1596/128/1592
f 1592/124/1588 1593/125/1589 1597/129/1593
f 1598/130/1594 1589/121/1585 1599/131/1595
f 1600/132/1596 1589/121/1585 1588/120/1584
f 1591/123/1587 1590/122/1586 1589/121/1585
f 1599/131/1595 1589/121/1585 1600/132/1596
f 1594/126/1590 1589/121/1585 1598/130/1594
f 1596/128/1592 1593/125/1589 1594/126/1590
f 1595/127/1591 1597/129/1593 1593/125/1589
f 1593/125/1589 1592/124/1588 1589/121/1585
f 1601/93/1597 1602/94/1598 1603/95/1599
f 1604/96/1600 1605/97/1601 1606/98/1602
f 1607/99/1603 1608/100/1604 1604/96/1600
f 1609/101/1605 1608/100/1604 1610/102/1606
f 1611/103/1607 1605/97/1601 1609/101/1605
f 1602/94/1598 1605/97/1601 1611/103/1607
f 1612/104/1608 1602/94/1598 1611/103/1607
f 1603/95/1599 1602/94/1598 1612/104/1608
f 1602/94/1598 1606/98/1602 1605/97/1601
f 1605/97/1601 1604/96/1600 1608/100/1604
f 1608/100/1604 1613/105/1609 1610/102/1606
f 1606/98/1602 1602/94/1598 1601/93/1597
f 1608/100/1604 1607/99/1603 1613/105/1609
f 1614/106/1610 1613/105/1609 1607/99/1603
f 1615/107/1611 1610/102/1606 1613/105/1609
f 1605/97/1601 1608/100/1604 1609/101/1605
f 1616/93/1612 1617/94/1613 1618/95/1614
f 1619/96/1615 1620/97/1616 1621/98/1617
f 1622/99/1618 1623/100/1619 1619/96/1615
f 1624/101/1620 1623/100/1619 1625/102/1621
f 1626/103/1622 1620/97/1616 1624/101/1620
f 1617/94/1613 1620/97/1616 1626/103/1622
f 1627/104/1623 1617/94/1613 1626/103/1622
f 1618/95/1614 1617/94/1613 1627/104/1623
f 1617/94/1613 1621/98/1617 1620/97/1616
f 1620/97/1616 1619/96/1615 1623/100/1619
f 1623/100/1619 1628/105/1624 1625/102/1621
f 1621/98/1617 1617/94/1613 1616/93/1612
f 1623/100/1619 1622/99/1618 1628/105/1624
f 1629/106/1625 1628/105/1624 1622/99/1618
f 1630/107/1626 1625/102/1621 1628/105/1624
f 1620/97/1616 1623/100/1619 1624/101/1620
f 1631/120/1627 1632/121/1628 1633/122/1629
f 1634/123/1630 1632/121/1628 1635/124/1631
f 1636/125/1632 1632/121/1628 1637/126/1633
f 1638/127/1634 1636/125/1632 1639/128/1635
f 1635/124/1631 1636/125/1632 1640/129/1636
f 1641/130/1637 1632/121/1628 1642/131/1638
f 1643/132/1639 1632/121/1628 1631/120/1627
f 1634/123/1630 1633/122/1629 1632/121/1628
f 1642/131/1638 1632/121/1628 1643/132/1639
f 1637/126/1633 1632/121/1628 1641/130/1637
f 1639/128/1635 1636/125/1632 1637/126/1633
f 1638/127/1634 1640/129/1636 1636/125/1632
f 1636/125/1632 1635/124/1631 1632/121/1628
f 1644/133/1640 1645/134/1641 1646/135/1642
f 1647/136/1643 1645/134/1641 1648/137/1644
f 1645/134/1641 1647/136/1643 1649/138/1645
f 1650/139/1646 1651/140/1647 1649/138/1645
f 1650/139/1646 1649/138/1645 1652/141/1648
f 1653/142/1649 1651/140/1647 1650/139/1646
f 1645/134/1641 1649/138/1645 1654/143/1650
f 1655/144/1651 1645/134/1641 1644/133/1640
f 1648/137/1644 1645/134/1641 1655/144/1651
f 1646/135/1642 1645/134/1641 1656/145/1652
f 1656/145/1652 1645/134/1641 1654/143/1650
f 1654/143/1650 1649/138/1645 1657/146/1653
f 1657/146/1653 1649/138/1645 1658/140/1654
f 1652/141/1648 1649/138/1645 1647/136/1643
f 1659/108/1655 1660/109/1656 1661/110/1657
f 1662/111/1658 1663/112/1659 1660/109/1656
f 1664/113/1660 1665/114/1661 1662/111/1658
f 1666/115/1662 1662/111/1658 1659/108/1655
f 1664/113/1660 1662/111/1658 1666/115/1662
f 1663/112/1659 1662/111/1658 1665/114/1661
f 1662/111/1658 1660/109/1656 1659/108/1655
f 1667/116/1663 1660/109/1656 1663/112/1659
f 1668/117/1664 1667/116/1663 1669/118/1665
f 1670/119/1666 1661/110/1657 1668/117/1664
f 1660/109/1656 1668/117/1664 1661/110/1657
f 1660/109/1656 1667/116/1663 1668/117/1664
f 1671/77/1667 1672/78/1668 1673/79/1669
f 1672/78/1668 1671/77/1667 1674/80/1670
f 1672/78/1668 1674/80/1670 1675/81/1671
f 1675/81/1671 1676/82/1672 1677/83/1673
f 1675/81/1671 1678/84/1674 1676/82/1672
f 1677/83/1673 1676/82/1672 1679/85/1675
f 1680/86/1676 1679/85/1675 1676/82/1672
f 1681/87/1677 1676/82/1672 1678/84/1674
f 1675/81/1671 1677/83/1673 1672/78/1668
f 1678/84/1674 1675/81/1671 1674/80/1670
f 1682/88/1678 1672/78/1668 1677/83/1673
f 1683/89/1679 1684/90/1680 1685/91/1681
f 1685/91/1681 1684/90/1680 1671/77/1667
f 1674/80/1670 1671/77/1667 1684/90/1680
f 1673/79/1669 1672/78/1668 1686/92/1682
f 1686/92/1682 1672/78/1668 1682/88/1678
